time,keys,target_x,target_y,target_z,target_rx,target_ry,target_rz,feedback_p1,feedback_p2,feedback_p3,feedback_p4,feedback_p5,target_p1,target_p2,target_p3,target_p4,target_p5,pulse_err1,pulse_err2,pulse_err3,pulse_err4,pulse_err5
1789282535.041504,,0.0,0.0,0.0,0.0,0.0,0.0,,,,,,,,,,,,,,,
1789282535.0669723,,0.0,0.0,0.0,0.0,0.0,0.0,,,,,,,,,,,,,,,
1789282535.083077,,0.0,0.0,0.0,0.0,0.0,0.0,,,,,,,,,,,,,,,
1789282535.1137798,,0.0,0.0,0.0,0.0,0.0,0.0,,,,,,,,,,,,,,,
1789282535.1319382,,0.0,0.0,0.0,0.0,0.0,0.0,,,,,,,,,,,,,,,
1789282535.1478834,,0.0,0.0,0.0,0.0,0.0,0.0,,,,,,,,,,,,,,,
1789282535.166881,,0.0,0.0,0.0,0.0,0.0,0.0,,,,,,,,,,,,,,,
1789282535.1826253,,0.0,0.0,0.0,0.0,0.0,0.0,,,,,,,,,,,,,,,
1789282535.204669,,0.0,0.0,0.0,0.0,0.0,0.0,,,,,,,,,,,,,,,
1789282535.2319715,,0.0,0.0,0.0,0.0,0.0,0.0,,,,,,,,,,,,,,,
1789282535.2483256,,0.0,0.0,0.0,0.0,0.0,0.0,,,,,,,,,,,,,,,
1789282535.2650836,,0.0,0.0,0.0,0.0,0.0,0.0,,,,,,,,,,,,,,,
1789282535.3001513,,0.0,0.0,0.0,0.0,0.0,0.0,,,,,,,,,,,,,,,
1789282535.3158062,,0.0,0.0,0.0,0.0,0.0,0.0,,,,,,,,,,,,,,,
1789282535.3316905,,0.0,0.0,0.0,0.0,0.0,0.0,,,,,,,,,,,,,,,
1789282535.34897,,0.0,0.0,0.0,0.0,0.0,0.0,,,,,,,,,,,,,,,
1789282535.3641746,,0.0,0.0,0.0,0.0,0.0,0.0,,,,,,,,,,,,,,,
1789282535.3829725,,0.0,0.0,0.0,0.0,0.0,0.0,,,,,,,,,,,,,,,
1789282535.415204,,0.0,0.0,0.0,0.0,0.0,0.0,,,,,,,,,,,,,,,
1789282535.4305906,,0.0,0.0,0.0,0.0,0.0,0.0,,,,,,,,,,,,,,,
1789282535.450332,,0.0,0.0,0.0,0.0,0.0,0.0,,,,,,,,,,,,,,,
1789282535.4647942,,0.0,0.0,0.0,0.0,0.0,0.0,,,,,,,,,,,,,,,
1789282535.4991238,,0.0,0.0,0.0,0.0,0.0,0.0,,,,,,,,,,,,,,,
1789282535.5153446,,0.0,0.0,0.0,0.0,0.0,0.0,,,,,,,,,,,,,,,
1789282535.5315003,,0.0,0.0,0.0,0.0,0.0,0.0,,,,,,,,,,,,,,,
1789282535.549145,,0.0,0.0,0.0,0.0,0.0,0.0,,,,,,,,,,,,,,,
1789282535.565258,,0.0,0.0,0.0,0.0,0.0,0.0,,,,,,,,,,,,,,,
1789282535.5829108,,0.0,0.0,0.0,0.0,0.0,0.0,,,,,,,,,,,,,,,
1789282535.6166909,,0.0,0.0,0.0,0.0,0.0,0.0,,,,,,,,,,,,,,,
1789282535.633786,,0.0,0.0,0.0,0.0,0.0,0.0,,,,,,,,,,,,,,,
1789282535.6487966,,0.0,0.0,0.0,0.0,0.0,0.0,,,,,,,,,,,,,,,
1789282535.673218,,0.0,0.0,0.0,0.0,0.0,0.0,,,,,,,,,,,,,,,
1789282535.689304,,0.0,0.0,0.0,0.0,0.0,0.0,,,,,,,,,,,,,,,
1789282535.704303,,0.0,0.0,0.0,0.0,0.0,0.0,,,,,,,,,,,,,,,
1789282535.7497363,,0.0,0.0,0.0,0.0,0.0,0.0,,,,,,,,,,,,,,,
1789282535.7507467,,0.0,0.0,0.0,0.0,0.0,0.0,,,,,,,,,,,,,,,
1789282535.7823324,,0.0,0.0,0.0,0.0,0.0,0.0,,,,,,,,,,,,,,,
1789282535.7985723,,0.0,0.0,0.0,0.0,0.0,0.0,,,,,,,,,,,,,,,
1789282535.814683,,0.0,0.0,0.0,0.0,0.0,0.0,,,,,,,,,,,,,,,
1789282535.833005,,0.0,0.0,0.0,0.0,0.0,0.0,,,,,,,,,,,,,,,
1789282535.8639326,,0.0,0.0,0.0,0.0,0.0,0.0,,,,,,,,,,,,,,,
1789282535.8820848,,0.0,0.0,0.0,0.0,0.0,0.0,,,,,,,,,,,,,,,
1789282535.8970327,,0.0,0.0,0.0,0.0,0.0,0.0,,,,,,,,,,,,,,,
1789282535.915888,,0.0,0.0,0.0,0.0,0.0,0.0,,,,,,,,,,,,,,,
1789282535.9350302,,0.0,0.0,0.0,0.0,0.0,0.0,,,,,,,,,,,,,,,
1789282535.9664657,,0.0,0.0,0.0,0.0,0.0,0.0,,,,,,,,,,,,,,,
1789282535.9819198,,0.0,0.0,0.0,0.0,0.0,0.0,,,,,,,,,,,,,,,
1789282535.9991267,,0.0,0.0,0.0,0.0,0.0,0.0,,,,,,,,,,,,,,,
1789282536.0158985,,0.0,0.0,0.0,0.0,0.0,0.0,,,,,,,,,,,,,,,
1789282536.0318136,,0.0,0.0,0.0,0.0,0.0,0.0,,,,,,,,,,,,,,,
1789282536.0646272,,0.0,0.0,0.0,0.0,0.0,0.0,,,,,,,,,,,,,,,
1789282536.0802495,,0.0,0.0,0.0,0.0,0.0,0.0,,,,,,,,,,,,,,,
1789282536.0958073,,0.0,0.0,0.0,0.0,0.0,0.0,,,,,,,,,,,,,,,
1789282536.1157696,,0.0,0.0,0.0,0.0,0.0,0.0,,,,,,,,,,,,,,,
1789282536.132859,,0.0,0.0,0.0,0.0,0.0,0.0,,,,,,,,,,,,,,,
1789282536.1638117,,0.0,0.0,0.0,0.0,0.0,0.0,,,,,,,,,,,,,,,
1789282536.18446,,0.0,0.0,0.0,0.0,0.0,0.0,,,,,,,,,,,,,,,
1789282536.1998389,,0.0,0.0,0.0,0.0,0.0,0.0,,,,,,,,,,,,,,,
1789282536.2178702,,0.0,0.0,0.0,0.0,0.0,0.0,,,,,,,,,,,,,,,
1789282536.2334404,,0.0,0.0,0.0,0.0,0.0,0.0,,,,,,,,,,,,,,,
1789282536.2672348,,0.0,0.0,0.0,0.0,0.0,0.0,,,,,,,,,,,,,,,
1789282536.2826025,,0.0,0.0,0.0,0.0,0.0,0.0,,,,,,,,,,,,,,,
1789282536.2992291,,0.0,0.0,0.0,0.0,0.0,0.0,,,,,,,,,,,,,,,
1789282536.3189478,,0.0,0.0,0.0,0.0,0.0,0.0,,,,,,,,,,,,,,,
1789282536.333558,,0.0,0.0,0.0,0.0,0.0,0.0,,,,,,,,,,,,,,,
1789282536.3513029,,0.0,0.0,0.0,0.0,0.0,0.0,,,,,,,,,,,,,,,
1789282536.3830194,,0.0,0.0,0.0,0.0,0.0,0.0,,,,,,,,,,,,,,,
1789282536.397522,,0.0,0.0,0.0,0.0,0.0,0.0,,,,,,,,,,,,,,,
1789282536.4135628,,0.0,0.0,0.0,0.0,0.0,0.0,,,,,,,,,,,,,,,
1789282536.4332082,,0.0,0.0,0.0,0.0,0.0,0.0,,,,,,,,,,,,,,,
1789282536.4667737,,0.0,0.0,0.0,0.0,0.0,0.0,,,,,,,,,,,,,,,
1789282536.4824665,,0.0,0.0,0.0,0.0,0.0,0.0,,,,,,,,,,,,,,,
1789282536.4978344,,0.0,0.0,0.0,0.0,0.0,0.0,,,,,,,,,,,,,,,
1789282536.5164626,,0.0,0.0,0.0,0.0,0.0,0.0,,,,,,,,,,,,,,,
1789282536.5332065,,0.0,0.0,0.0,0.0,0.0,0.0,,,,,,,,,,,,,,,
1789282536.5649955,,0.0,0.0,0.0,0.0,0.0,0.0,,,,,,,,,,,,,,,
1789282536.5836847,,0.0,0.0,0.0,0.0,0.0,0.0,,,,,,,,,,,,,,,
1789282536.5994427,w,0.0002,0.0,0.0,0.0,0.0,0.0,,,,,,,,,,,,,,,
1789282536.6174877,w,0.0004,0.0,0.0,0.0,0.0,0.0,,,,,,,,,,,,,,,
1789282536.6377196,w,0.0006000000000000001,0.0,0.0,0.0,0.0,0.0,,,,,,,,,,,,,,,
1789282536.666259,w,0.0008,0.0,0.0,0.0,0.0,0.0,,,,,,,,,,,,,,,
1789282536.6820219,w,0.001,0.0,0.0,0.0,0.0,0.0,,,,,,,,,,,,,,,
1789282536.6978197,w,0.0012000000000000001,0.0,0.0,0.0,0.0,0.0,,,,,,,,,,,,,,,
1789282536.7131302,w,0.0014000000000000002,0.0,0.0,0.0,0.0,0.0,,,,,,,,,,,,,,,
1789282536.7334762,,0.0014000000000000002,0.0,0.0,0.0,0.0,0.0,,,,,,,,,,,,,,,
1789282536.7512598,,0.0014000000000000002,0.0,0.0,0.0,0.0,0.0,,,,,,,,,,,,,,,
1789282536.7817729,,0.0014000000000000002,0.0,0.0,0.0,0.0,0.0,,,,,,,,,,,,,,,
1789282536.797826,,0.0014000000000000002,0.0,0.0,0.0,0.0,0.0,,,,,,,,,,,,,,,
1789282536.8175635,,0.0014000000000000002,0.0,0.0,0.0,0.0,0.0,,,,,,,,,,,,,,,
1789282536.8337643,,0.0014000000000000002,0.0,0.0,0.0,0.0,0.0,,,,,,,,,,,,,,,
1789282536.8647082,,0.0014000000000000002,0.0,0.0,0.0,0.0,0.0,,,,,,,,,,,,,,,
1789282536.8831232,,0.0014000000000000002,0.0,0.0,0.0,0.0,0.0,,,,,,,,,,,,,,,
1789282536.8996396,,0.0014000000000000002,0.0,0.0,0.0,0.0,0.0,,,,,,,,,,,,,,,
1789282536.9161835,,0.0014000000000000002,0.0,0.0,0.0,0.0,0.0,,,,,,,,,,,,,,,
1789282536.9315507,,0.0014000000000000002,0.0,0.0,0.0,0.0,0.0,,,,,,,,,,,,,,,
1789282536.9507813,,0.0014000000000000002,0.0,0.0,0.0,0.0,0.0,,,,,,,,,,,,,,,
1789282536.9831517,,0.0014000000000000002,0.0,0.0,0.0,0.0,0.0,,,,,,,,,,,,,,,
1789282536.9995286,,0.0014000000000000002,0.0,0.0,0.0,0.0,0.0,,,,,,,,,,,,,,,
1789282537.0144098,,0.0014000000000000002,0.0,0.0,0.0,0.0,0.0,,,,,,,,,,,,,,,
1789282537.0455682,,0.0014000000000000002,0.0,0.0,0.0,0.0,0.0,,,,,,,,,,,,,,,
1789282537.0614436,,0.0014000000000000002,0.0,0.0,0.0,0.0,0.0,,,,,,,,,,,,,,,
1789282537.082879,,0.0014000000000000002,0.0,0.0,0.0,0.0,0.0,,,,,,,,,,,,,,,
1789282537.1015916,,0.0014000000000000002,0.0,0.0,0.0,0.0,0.0,,,,,,,,,,,,,,,
1789282537.117262,,0.0014000000000000002,0.0,0.0,0.0,0.0,0.0,,,,,,,,,,,,,,,
1789282537.1326647,,0.0014000000000000002,0.0,0.0,0.0,0.0,0.0,,,,,,,,,,,,,,,
1789282537.1657689,,0.0014000000000000002,0.0,0.0,0.0,0.0,0.0,,,,,,,,,,,,,,,
1789282537.1812882,,0.0014000000000000002,0.0,0.0,0.0,0.0,0.0,,,,,,,,,,,,,,,
1789282537.2005508,,0.0014000000000000002,0.0,0.0,0.0,0.0,0.0,,,,,,,,,,,,,,,
1789282537.2171273,,0.0014000000000000002,0.0,0.0,0.0,0.0,0.0,,,,,,,,,,,,,,,
1789282537.2324562,,0.0014000000000000002,0.0,0.0,0.0,0.0,0.0,,,,,,,,,,,,,,,
1789282537.2668178,,0.0014000000000000002,0.0,0.0,0.0,0.0,0.0,,,,,,,,,,,,,,,
1789282537.282454,w,0.0016000000000000003,0.0,0.0,0.0,0.0,0.0,,,,,,,,,,,,,,,
1789282537.2978756,w,0.0018000000000000004,0.0,0.0,0.0,0.0,0.0,,,,,,,,,,,,,,,
1789282537.3140895,w,0.0020000000000000005,0.0,0.0,0.0,0.0,0.0,,,,,,,,,,,,,,,
1789282537.3347433,w,0.0022000000000000006,0.0,0.0,0.0,0.0,0.0,,,,,,,,,,,,,,,
1789282537.3665037,w,0.0024000000000000007,0.0,0.0,0.0,0.0,0.0,,,,,,,,,,,,,,,
1789282537.3806639,w,0.0026000000000000007,0.0,0.0,0.0,0.0,0.0,,,,,,,,,,,,,,,
1789282537.4001496,w,0.002800000000000001,0.0,0.0,0.0,0.0,0.0,,,,,,,,,,,,,,,
1789282537.4173388,w,0.003000000000000001,0.0,0.0,0.0,0.0,0.0,,,,,,,,,,,,,,,
1789282537.4334438,w,0.003200000000000001,0.0,0.0,0.0,0.0,0.0,,,,,,,,,,,,,,,
1789282537.4661705,w,0.003400000000000001,0.0,0.0,0.0,0.0,0.0,,,,,,,,,,,,,,,
1789282537.4824297,w,0.003600000000000001,0.0,0.0,0.0,0.0,0.0,,,,,,,,,,,,,,,
1789282537.499771,w,0.0038000000000000013,0.0,0.0,0.0,0.0,0.0,,,,,,,,,,,,,,,
1789282537.5163534,w,0.004000000000000001,0.0,0.0,0.0,0.0,0.0,,,,,,,,,,,,,,,
1789282537.5316515,w,0.004200000000000001,0.0,0.0,0.0,0.0,0.0,,,,,,,,,,,,,,,
1789282537.565963,,0.004200000000000001,0.0,0.0,0.0,0.0,0.0,,,,,,,,,,,,,,,
1789282537.581759,,0.004200000000000001,0.0,0.0,0.0,0.0,0.0,,,,,,,,,,,,,,,
1789282537.5988634,,0.004200000000000001,0.0,0.0,0.0,0.0,0.0,,,,,,,,,,,,,,,
1789282537.6157699,,0.004200000000000001,0.0,0.0,0.0,0.0,0.0,,,,,,,,,,,,,,,
1789282537.6332736,,0.004200000000000001,0.0,0.0,0.0,0.0,0.0,,,,,,,,,,,,,,,
1789282537.6641996,,0.004200000000000001,0.0,0.0,0.0,0.0,0.0,,,,,,,,,,,,,,,
1789282537.6835792,,0.004200000000000001,0.0,0.0,0.0,0.0,0.0,,,,,,,,,,,,,,,
1789282537.7004824,,0.004200000000000001,0.0,0.0,0.0,0.0,0.0,,,,,,,,,,,,,,,
1789282537.7162993,,0.004200000000000001,0.0,0.0,0.0,0.0,0.0,,,,,,,,,,,,,,,
1789282537.730934,,0.004200000000000001,0.0,0.0,0.0,0.0,0.0,,,,,,,,,,,,,,,
1789282537.7503068,,0.004200000000000001,0.0,0.0,0.0,0.0,0.0,,,,,,,,,,,,,,,
1789282537.782353,w,0.0044,0.0,0.0,0.0,0.0,0.0,,,,,,,,,,,,,,,
1789282537.7971478,w,0.0046,0.0,0.0,0.0,0.0,0.0,,,,,,,,,,,,,,,
1789282537.8172333,w,0.0048,0.0,0.0,0.0,0.0,0.0,,,,,,,,,,,,,,,
1789282537.8334668,w,0.004999999999999999,0.0,0.0,0.0,0.0,0.0,,,,,,,,,,,,,,,
1789282537.8674283,w,0.005199999999999999,0.0,0.0,0.0,0.0,0.0,,,,,,,,,,,,,,,
1789282537.883914,w,0.0053999999999999986,0.0,0.0,0.0,0.0,0.0,,,,,,,,,,,,,,,
1789282537.9005747,w,0.005599999999999998,0.0,0.0,0.0,0.0,0.0,,,,,,,,,,,,,,,
1789282537.9158387,w,0.005799999999999998,0.0,0.0,0.0,0.0,0.0,,,,,,,,,,,,,,,
1789282537.9332104,,0.005799999999999998,0.0,0.0,0.0,0.0,0.0,,,,,,,,,,,,,,,
1789282537.9646754,,0.005799999999999998,0.0,0.0,0.0,0.0,0.0,,,,,,,,,,,,,,,
1789282537.9826567,,0.005799999999999998,0.0,0.0,0.0,0.0,0.0,,,,,,,,,,,,,,,
1789282537.9989002,,0.005799999999999998,0.0,0.0,0.0,0.0,0.0,,,,,,,,,,,,,,,
1789282538.0149846,,0.005799999999999998,0.0,0.0,0.0,0.0,0.0,,,,,,,,,,,,,,,
1789282538.0339935,,0.005799999999999998,0.0,0.0,0.0,0.0,0.0,,,,,,,,,,,,,,,
1789282538.0641768,w,0.0059999999999999975,0.0,0.0,0.0,0.0,0.0,,,,,,,,,,,,,,,
1789282538.0799043,w,0.006199999999999997,0.0,0.0,0.0,0.0,0.0,,,,,,,,,,,,,,,
1789282538.095619,w,0.006399999999999997,0.0,0.0,0.0,0.0,0.0,,,,,,,,,,,,,,,
1789282538.1160455,,0.006399999999999997,0.0,0.0,0.0,0.0,0.0,,,,,,,,,,,,,,,
1789282538.1314886,,0.006399999999999997,0.0,0.0,0.0,0.0,0.0,,,,,,,,,,,,,,,
1789282538.1630592,,0.006399999999999997,0.0,0.0,0.0,0.0,0.0,,,,,,,,,,,,,,,
1789282538.1817615,,0.006399999999999997,0.0,0.0,0.0,0.0,0.0,,,,,,,,,,,,,,,
1789282538.1987011,w,0.0065999999999999965,0.0,0.0,0.0,0.0,0.0,,,,,,,,,,,,,,,
1789282538.2176626,w,0.006799999999999996,0.0,0.0,0.0,0.0,0.0,,,,,,,,,,,,,,,
1789282538.2333114,w,0.006999999999999996,0.0,0.0,0.0,0.0,0.0,,,,,,,,,,,,,,,
1789282538.26495,,0.006999999999999996,0.0,0.0,0.0,0.0,0.0,,,,,,,,,,,,,,,
1789282538.2818265,,0.006999999999999996,0.0,0.0,0.0,0.0,0.0,,,,,,,,,,,,,,,
1789282538.3000596,,0.006999999999999996,0.0,0.0,0.0,0.0,0.0,,,,,,,,,,,,,,,
1789282538.3162081,,0.006999999999999996,0.0,0.0,0.0,0.0,0.0,,,,,,,,,,,,,,,
1789282538.333094,,0.006999999999999996,0.0,0.0,0.0,0.0,0.0,,,,,,,,,,,,,,,
1789282538.3648562,w,0.0071999999999999955,0.0,0.0,0.0,0.0,0.0,,,,,,,,,,,,,,,
1789282538.3809392,w,0.007399999999999995,0.0,0.0,0.0,0.0,0.0,,,,,,,,,,,,,,,
1789282538.400531,,0.007399999999999995,0.0,0.0,0.0,0.0,0.0,,,,,,,,,,,,,,,
1789282538.417151,,0.007399999999999995,0.0,0.0,0.0,0.0,0.0,,,,,,,,,,,,,,,
1789282538.4326875,,0.007399999999999995,0.0,0.0,0.0,0.0,0.0,,,,,,,,,,,,,,,
1789282538.4661474,,0.007399999999999995,0.0,0.0,0.0,0.0,0.0,,,,,,,,,,,,,,,
1789282538.4821756,,0.007399999999999995,0.0,0.0,0.0,0.0,0.0,,,,,,,,,,,,,,,
1789282538.4989667,w,0.007599999999999995,0.0,0.0,0.0,0.0,0.0,,,,,,,,,,,,,,,
1789282538.5142906,w,0.0077999999999999944,0.0,0.0,0.0,0.0,0.0,,,,,,,,,,,,,,,
1789282538.5333104,w,0.007999999999999995,0.0,0.0,0.0,0.0,0.0,,,,,,,,,,,,,,,
1789282538.5666833,,0.007999999999999995,0.0,0.0,0.0,0.0,0.0,,,,,,,,,,,,,,,
1789282538.5816736,,0.007999999999999995,0.0,0.0,0.0,0.0,0.0,,,,,,,,,,,,,,,
1789282538.5974073,,0.007999999999999995,0.0,0.0,0.0,0.0,0.0,,,,,,,,,,,,,,,
1789282538.6157522,,0.007999999999999995,0.0,0.0,0.0,0.0,0.0,,,,,,,,,,,,,,,
1789282538.6310196,,0.007999999999999995,0.0,0.0,0.0,0.0,0.0,,,,,,,,,,,,,,,
1789282538.6659493,w,0.008199999999999995,0.0,0.0,0.0,0.0,0.0,,,,,,,,,,,,,,,
1789282538.681205,w,0.008399999999999996,0.0,0.0,0.0,0.0,0.0,,,,,,,,,,,,,,,
1789282538.6963716,w,0.008599999999999997,0.0,0.0,0.0,0.0,0.0,,,,,,,,,,,,,,,
1789282538.7118285,,0.008599999999999997,0.0,0.0,0.0,0.0,0.0,,,,,,,,,,,,,,,
1789282538.7336478,,0.008599999999999997,0.0,0.0,0.0,0.0,0.0,,,,,,,,,,,,,,,
1789282538.7636094,,0.008599999999999997,0.0,0.0,0.0,0.0,0.0,,,,,,,,,,,,,,,
1789282538.7816854,,0.008599999999999997,0.0,0.0,0.0,0.0,0.0,,,,,,,,,,,,,,,
1789282538.7982104,,0.008599999999999997,0.0,0.0,0.0,0.0,0.0,,,,,,,,,,,,,,,
1789282538.8161304,w,0.008799999999999997,0.0,0.0,0.0,0.0,0.0,,,,,,,,,,,,,,,
1789282538.8318233,w,0.008999999999999998,0.0,0.0,0.0,0.0,0.0,,,,,,,,,,,,,,,
1789282538.8658938,w,0.009199999999999998,0.0,0.0,0.0,0.0,0.0,,,,,,,,,,,,,,,
1789282538.8809345,,0.009199999999999998,0.0,0.0,0.0,0.0,0.0,,,,,,,,,,,,,,,
1789282538.9005888,,0.009199999999999998,0.0,0.0,0.0,0.0,0.0,,,,,,,,,,,,,,,
1789282538.9160423,,0.009199999999999998,0.0,0.0,0.0,0.0,0.0,,,,,,,,,,,,,,,
1789282538.9307907,,0.009199999999999998,0.0,0.0,0.0,0.0,0.0,,,,,,,,,,,,,,,
1789282538.9515092,,0.009199999999999998,0.0,0.0,0.0,0.0,0.0,,,,,,,,,,,,,,,
1789282538.9828923,w,0.009399999999999999,0.0,0.0,0.0,0.0,0.0,,,,,,,,,,,,,,,
1789282538.999906,w,0.0096,0.0,0.0,0.0,0.0,0.0,,,,,,,,,,,,,,,
1789282539.0160272,w,0.0098,0.0,0.0,0.0,0.0,0.0,,,,,,,,,,,,,,,
1789282539.032479,,0.0098,0.0,0.0,0.0,0.0,0.0,,,,,,,,,,,,,,,
1789282539.0643291,,0.0098,0.0,0.0,0.0,0.0,0.0,,,,,,,,,,,,,,,
1789282539.0858417,,0.0098,0.0,0.0,0.0,0.0,0.0,,,,,,,,,,,,,,,
1789282539.1010537,w,0.01,0.0,0.0,0.0,0.0,0.0,,,,,,,,,,,,,,,
1789282539.1164713,w,0.0102,0.0,0.0,0.0,0.0,0.0,,,,,,,,,,,,,,,
1789282539.132133,w,0.010400000000000001,0.0,0.0,0.0,0.0,0.0,,,,,,,,,,,,,,,
1789282539.1647663,w,0.010600000000000002,0.0,0.0,0.0,0.0,0.0,,,,,,,,,,,,,,,
1789282539.1810217,w,0.010800000000000002,0.0,0.0,0.0,0.0,0.0,,,,,,,,,,,,,,,
1789282539.1980832,w,0.011000000000000003,0.0,0.0,0.0,0.0,0.0,,,,,,,,,,,,,,,
1789282539.2165473,w,0.011200000000000003,0.0,0.0,0.0,0.0,0.0,,,,,,,,,,,,,,,
1789282539.2324307,w,0.011400000000000004,0.0,0.0,0.0,0.0,0.0,,,,,,,,,,,,,,,
1789282539.262781,w,0.011600000000000004,0.0,0.0,0.0,0.0,0.0,,,,,,,,,,,,,,,
1789282539.2821243,w,0.011800000000000005,0.0,0.0,0.0,0.0,0.0,,,,,,,,,,,,,,,
1789282539.2979777,w,0.012000000000000005,0.0,0.0,0.0,0.0,0.0,,,,,,,,,,,,,,,
1789282539.3152156,w,0.012200000000000006,0.0,0.0,0.0,0.0,0.0,,,,,,,,,,,,,,,
1789282539.3320699,w,0.012400000000000007,0.0,0.0,0.0,0.0,0.0,,,,,,,,,,,,,,,
1789282539.3622344,w,0.012600000000000007,0.0,0.0,0.0,0.0,0.0,,,,,,,,,,,,,,,
1789282539.377286,w,0.012800000000000008,0.0,0.0,0.0,0.0,0.0,,,,,,,,,,,,,,,
1789282539.4006085,w,0.013000000000000008,0.0,0.0,0.0,0.0,0.0,,,,,,,,,,,,,,,
1789282539.4163573,w,0.013200000000000009,0.0,0.0,0.0,0.0,0.0,,,,,,,,,,,,,,,
1789282539.4320295,,0.013200000000000009,0.0,0.0,0.0,0.0,0.0,,,,,,,,,,,,,,,
1789282539.465921,,0.013200000000000009,0.0,0.0,0.0,0.0,0.0,,,,,,,,,,,,,,,
1789282539.4828653,,0.013200000000000009,0.0,0.0,0.0,0.0,0.0,,,,,,,,,,,,,,,
1789282539.49811,,0.013200000000000009,0.0,0.0,0.0,0.0,0.0,,,,,,,,,,,,,,,
1789282539.5137062,,0.013200000000000009,0.0,0.0,0.0,0.0,0.0,,,,,,,,,,,,,,,
1789282539.5314612,,0.013200000000000009,0.0,0.0,0.0,0.0,0.0,,,,,,,,,,,,,,,
1789282539.5657797,s,0.013000000000000008,0.0,0.0,0.0,0.0,0.0,,,,,,,,,,,,,,,
1789282539.5810876,s,0.012800000000000008,0.0,0.0,0.0,0.0,0.0,,,,,,,,,,,,,,,
1789282539.5974016,s,0.012600000000000007,0.0,0.0,0.0,0.0,0.0,,,,,,,,,,,,,,,
1789282539.6151218,s,0.012400000000000007,0.0,0.0,0.0,0.0,0.0,,,,,,,,,,,,,,,
1789282539.631295,s,0.012200000000000006,0.0,0.0,0.0,0.0,0.0,,,,,,,,,,,,,,,
1789282539.6637075,s,0.012000000000000005,0.0,0.0,0.0,0.0,0.0,,,,,,,,,,,,,,,
1789282539.6819055,s,0.011800000000000005,0.0,0.0,0.0,0.0,0.0,,,,,,,,,,,,,,,
1789282539.698738,s,0.011600000000000004,0.0,0.0,0.0,0.0,0.0,,,,,,,,,,,,,,,
1789282539.7157533,s,0.011400000000000004,0.0,0.0,0.0,0.0,0.0,,,,,,,,,,,,,,,
1789282539.7310474,s,0.011200000000000003,0.0,0.0,0.0,0.0,0.0,,,,,,,,,,,,,,,
1789282539.7653086,s,0.011000000000000003,0.0,0.0,0.0,0.0,0.0,,,,,,,,,,,,,,,
1789282539.781281,s,0.010800000000000002,0.0,0.0,0.0,0.0,0.0,,,,,,,,,,,,,,,
1789282539.799256,s,0.010600000000000002,0.0,0.0,0.0,0.0,0.0,,,,,,,,,,,,,,,
1789282539.8156636,s,0.010400000000000001,0.0,0.0,0.0,0.0,0.0,,,,,,,,,,,,,,,
1789282539.846086,s,0.0102,0.0,0.0,0.0,0.0,0.0,,,,,,,,,,,,,,,
1789282539.8612797,s,0.01,0.0,0.0,0.0,0.0,0.0,,,,,,,,,,,,,,,
1789282539.8837216,s,0.0098,0.0,0.0,0.0,0.0,0.0,,,,,,,,,,,,,,,
1789282539.9007041,s,0.0096,0.0,0.0,0.0,0.0,0.0,,,,,,,,,,,,,,,
1789282539.9160535,s,0.009399999999999999,0.0,0.0,0.0,0.0,0.0,,,,,,,,,,,,,,,
1789282539.931996,s,0.009199999999999998,0.0,0.0,0.0,0.0,0.0,,,,,,,,,,,,,,,
1789282539.965103,s,0.008999999999999998,0.0,0.0,0.0,0.0,0.0,,,,,,,,,,,,,,,
1789282539.98112,s,0.008799999999999997,0.0,0.0,0.0,0.0,0.0,,,,,,,,,,,,,,,
1789282539.999455,s,0.008599999999999997,0.0,0.0,0.0,0.0,0.0,,,,,,,,,,,,,,,
1789282540.016306,s,0.008399999999999996,0.0,0.0,0.0,0.0,0.0,,,,,,,,,,,,,,,
1789282540.032411,s,0.008199999999999995,0.0,0.0,0.0,0.0,0.0,,,,,,,,,,,,,,,
1789282540.0645878,s,0.007999999999999995,0.0,0.0,0.0,0.0,0.0,,,,,,,,,,,,,,,
1789282540.0793269,s,0.007799999999999995,0.0,0.0,0.0,0.0,0.0,,,,,,,,,,,,,,,
1789282540.0948386,s,0.007599999999999996,0.0,0.0,0.0,0.0,0.0,,,,,,,,,,,,,,,
1789282540.1100254,s,0.007399999999999996,0.0,0.0,0.0,0.0,0.0,,,,,,,,,,,,,,,
1789282540.1336586,s,0.007199999999999996,0.0,0.0,0.0,0.0,0.0,,,,,,,,,,,,,,,
1789282540.1645694,s,0.006999999999999997,0.0,0.0,0.0,0.0,0.0,,,,,,,,,,,,,,,
1789282540.1810791,s,0.006799999999999997,0.0,0.0,0.0,0.0,0.0,,,,,,,,,,,,,,,
1789282540.2003887,s,0.006599999999999997,0.0,0.0,0.0,0.0,0.0,,,,,,,,,,,,,,,
1789282540.2159789,s,0.006399999999999998,0.0,0.0,0.0,0.0,0.0,,,,,,,,,,,,,,,
1789282540.231318,s,0.006199999999999998,0.0,0.0,0.0,0.0,0.0,,,,,,,,,,,,,,,
1789282540.2644289,s,0.005999999999999998,0.0,0.0,0.0,0.0,0.0,,,,,,,,,,,,,,,
1789282540.2800248,s,0.005799999999999999,0.0,0.0,0.0,0.0,0.0,,,,,,,,,,,,,,,
1789282540.3008847,s,0.005599999999999999,0.0,0.0,0.0,0.0,0.0,,,,,,,,,,,,,,,
1789282540.3163176,s,0.005399999999999999,0.0,0.0,0.0,0.0,0.0,,,,,,,,,,,,,,,
1789282540.3333938,s,0.0052,0.0,0.0,0.0,0.0,0.0,,,,,,,,,,,,,,,
1789282540.366636,s,0.005,0.0,0.0,0.0,0.0,0.0,,,,,,,,,,,,,,,
1789282540.3825018,s,0.0048000000000000004,0.0,0.0,0.0,0.0,0.0,,,,,,,,,,,,,,,
1789282540.3984663,s,0.004600000000000001,0.0,0.0,0.0,0.0,0.0,,,,,,,,,,,,,,,
1789282540.4153957,s,0.004400000000000001,0.0,0.0,0.0,0.0,0.0,,,,,,,,,,,,,,,
1789282540.430815,s,0.0042000000000000015,0.0,0.0,0.0,0.0,0.0,,,,,,,,,,,,,,,
1789282540.4664717,s,0.004000000000000002,0.0,0.0,0.0,0.0,0.0,,,,,,,,,,,,,,,
1789282540.4834464,s,0.0038000000000000017,0.0,0.0,0.0,0.0,0.0,,,,,,,,,,,,,,,
1789282540.49881,s,0.0036000000000000016,0.0,0.0,0.0,0.0,0.0,,,,,,,,,,,,,,,
1789282540.5148473,s,0.0034000000000000015,0.0,0.0,0.0,0.0,0.0,,,,,,,,,,,,,,,
1789282540.5316093,s,0.0032000000000000015,0.0,0.0,0.0,0.0,0.0,,,,,,,,,,,,,,,
1789282540.5506911,s,0.0030000000000000014,0.0,0.0,0.0,0.0,0.0,,,,,,,,,,,,,,,
1789282540.5813053,s,0.0028000000000000013,0.0,0.0,0.0,0.0,0.0,,,,,,,,,,,,,,,
1789282540.6000426,s,0.002600000000000001,0.0,0.0,0.0,0.0,0.0,,,,,,,,,,,,,,,
1789282540.6165738,s,0.002400000000000001,0.0,0.0,0.0,0.0,0.0,,,,,,,,,,,,,,,
1789282540.6319203,s,0.002200000000000001,0.0,0.0,0.0,0.0,0.0,,,,,,,,,,,,,,,
1789282540.662636,s,0.002000000000000001,0.0,0.0,0.0,0.0,0.0,,,,,,,,,,,,,,,
1789282540.6821892,s,0.0018000000000000008,0.0,0.0,0.0,0.0,0.0,,,,,,,,,,,,,,,
1789282540.6981194,s,0.0016000000000000007,0.0,0.0,0.0,0.0,0.0,,,,,,,,,,,,,,,
1789282540.7144897,s,0.0014000000000000006,0.0,0.0,0.0,0.0,0.0,,,,,,,,,,,,,,,
1789282540.746559,s,0.0012000000000000005,0.0,0.0,0.0,0.0,0.0,,,,,,,,,,,,,,,
1789282540.761981,s,0.0010000000000000005,0.0,0.0,0.0,0.0,0.0,,,,,,,,,,,,,,,
1789282540.7833793,,0.0010000000000000005,0.0,0.0,0.0,0.0,0.0,,,,,,,,,,,,,,,
1789282540.7908263,,0.0010000000000000005,0.0,0.0,0.0,0.0,0.0,,,,,,,,,,,,,,,
1789282540.8140838,,0.0010000000000000005,0.0,0.0,0.0,0.0,0.0,,,,,,,,,,,,,,,
1789282540.8341594,,0.0010000000000000005,0.0,0.0,0.0,0.0,0.0,,,,,,,,,,,,,,,
1789282540.8656003,,0.0010000000000000005,0.0,0.0,0.0,0.0,0.0,,,,,,,,,,,,,,,
1789282540.8816276,,0.0010000000000000005,0.0,0.0,0.0,0.0,0.0,,,,,,,,,,,,,,,
1789282540.8988397,,0.0010000000000000005,0.0,0.0,0.0,0.0,0.0,,,,,,,,,,,,,,,
1789282540.915059,,0.0010000000000000005,0.0,0.0,0.0,0.0,0.0,,,,,,,,,,,,,,,
1789282540.9496844,,0.0010000000000000005,0.0,0.0,0.0,0.0,0.0,,,,,,,,,,,,,,,
1789282540.965296,,0.0010000000000000005,0.0,0.0,0.0,0.0,0.0,,,,,,,,,,,,,,,
1789282540.980471,,0.0010000000000000005,0.0,0.0,0.0,0.0,0.0,,,,,,,,,,,,,,,
1789282540.999285,,0.0010000000000000005,0.0,0.0,0.0,0.0,0.0,,,,,,,,,,,,,,,
1789282541.0164452,,0.0010000000000000005,0.0,0.0,0.0,0.0,0.0,,,,,,,,,,,,,,,
1789282541.0321782,,0.0010000000000000005,0.0,0.0,0.0,0.0,0.0,,,,,,,,,,,,,,,
1789282541.064602,a,0.0010000000000000005,0.0,-0.0002,0.0,0.0,0.0,,,,,,,,,,,,,,,
1789282541.080047,a,0.0010000000000000005,0.0,-0.0004,0.0,0.0,0.0,,,,,,,,,,,,,,,
1789282541.1000245,a,0.0010000000000000005,0.0,-0.0006000000000000001,0.0,0.0,0.0,,,,,,,,,,,,,,,
1789282541.1165366,a,0.0010000000000000005,0.0,-0.0008,0.0,0.0,0.0,,,,,,,,,,,,,,,
1789282541.132277,a,0.0010000000000000005,0.0,-0.001,0.0,0.0,0.0,,,,,,,,,,,,,,,
1789282541.1530664,a,0.0010000000000000005,0.0,-0.0012000000000000001,0.0,0.0,0.0,,,,,,,,,,,,,,,
1789282541.1838105,a,0.0010000000000000005,0.0,-0.0014000000000000002,0.0,0.0,0.0,,,,,,,,,,,,,,,
1789282541.199453,a,0.0010000000000000005,0.0,-0.0016000000000000003,0.0,0.0,0.0,,,,,,,,,,,,,,,
1789282541.2148776,a,0.0010000000000000005,0.0,-0.0018000000000000004,0.0,0.0,0.0,,,,,,,,,,,,,,,
1789282541.2321265,a,0.0010000000000000005,0.0,-0.0020000000000000005,0.0,0.0,0.0,,,,,,,,,,,,,,,
1789282541.2635295,a,0.0010000000000000005,0.0,-0.0022000000000000006,0.0,0.0,0.0,,,,,,,,,,,,,,,
1789282541.283526,a,0.0010000000000000005,0.0,-0.0024000000000000007,0.0,0.0,0.0,,,,,,,,,,,,,,,
1789282541.300078,a,0.0010000000000000005,0.0,-0.0026000000000000007,0.0,0.0,0.0,,,,,,,,,,,,,,,
1789282541.3145516,a,0.0010000000000000005,0.0,-0.002800000000000001,0.0,0.0,0.0,,,,,,,,,,,,,,,
1789282541.3334816,a,0.0010000000000000005,0.0,-0.003000000000000001,0.0,0.0,0.0,,,,,,,,,,,,,,,
1789282541.3648891,a,0.0010000000000000005,0.0,-0.003200000000000001,0.0,0.0,0.0,,,,,,,,,,,,,,,
1789282541.380639,a,0.0010000000000000005,0.0,-0.003400000000000001,0.0,0.0,0.0,,,,,,,,,,,,,,,
1789282541.3961406,a,0.0010000000000000005,0.0,-0.003600000000000001,0.0,0.0,0.0,,,,,,,,,,,,,,,
1789282541.4157507,a,0.0010000000000000005,0.0,-0.0038000000000000013,0.0,0.0,0.0,,,,,,,,,,,,,,,
1789282541.4319456,a,0.0010000000000000005,0.0,-0.004000000000000001,0.0,0.0,0.0,,,,,,,,,,,,,,,
1789282541.4650643,a,0.0010000000000000005,0.0,-0.004200000000000001,0.0,0.0,0.0,,,,,,,,,,,,,,,
1789282541.4812438,a,0.0010000000000000005,0.0,-0.0044,0.0,0.0,0.0,,,,,,,,,,,,,,,
1789282541.4983745,a,0.0010000000000000005,0.0,-0.0046,0.0,0.0,0.0,,,,,,,,,,,,,,,
1789282541.5156245,a,0.0010000000000000005,0.0,-0.0048,0.0,0.0,0.0,,,,,,,,,,,,,,,
1789282541.5316741,a,0.0010000000000000005,0.0,-0.004999999999999999,0.0,0.0,0.0,,,,,,,,,,,,,,,
1789282541.5507185,a,0.0010000000000000005,0.0,-0.005199999999999999,0.0,0.0,0.0,,,,,,,,,,,,,,,
1789282541.5845141,a,0.0010000000000000005,0.0,-0.0053999999999999986,0.0,0.0,0.0,,,,,,,,,,,,,,,
1789282541.599811,a,0.0010000000000000005,0.0,-0.005599999999999998,0.0,0.0,0.0,,,,,,,,,,,,,,,
1789282541.6149242,a,0.0010000000000000005,0.0,-0.005799999999999998,0.0,0.0,0.0,,,,,,,,,,,,,,,
1789282541.6330042,a,0.0010000000000000005,0.0,-0.0059999999999999975,0.0,0.0,0.0,,,,,,,,,,,,,,,
1789282541.664982,a,0.0010000000000000005,0.0,-0.006199999999999997,0.0,0.0,0.0,,,,,,,,,,,,,,,
1789282541.6803737,a,0.0010000000000000005,0.0,-0.006399999999999997,0.0,0.0,0.0,,,,,,,,,,,,,,,
1789282541.6995847,a,0.0010000000000000005,0.0,-0.0065999999999999965,0.0,0.0,0.0,,,,,,,,,,,,,,,
1789282541.716469,a,0.0010000000000000005,0.0,-0.006799999999999996,0.0,0.0,0.0,,,,,,,,,,,,,,,
1789282541.73224,a,0.0010000000000000005,0.0,-0.006999999999999996,0.0,0.0,0.0,,,,,,,,,,,,,,,
1789282541.7640593,a,0.0010000000000000005,0.0,-0.0071999999999999955,0.0,0.0,0.0,,,,,,,,,,,,,,,
1789282541.7829678,a,0.0010000000000000005,0.0,-0.007399999999999995,0.0,0.0,0.0,,,,,,,,,,,,,,,
1789282541.798165,a,0.0010000000000000005,0.0,-0.007599999999999995,0.0,0.0,0.0,,,,,,,,,,,,,,,
1789282541.817278,a,0.0010000000000000005,0.0,-0.0077999999999999944,0.0,0.0,0.0,,,,,,,,,,,,,,,
1789282541.8325512,a,0.0010000000000000005,0.0,-0.007999999999999995,0.0,0.0,0.0,,,,,,,,,,,,,,,
1789282541.865844,a,0.0010000000000000005,0.0,-0.008199999999999995,0.0,0.0,0.0,,,,,,,,,,,,,,,
1789282541.8812485,a,0.0010000000000000005,0.0,-0.008399999999999996,0.0,0.0,0.0,,,,,,,,,,,,,,,
1789282541.899669,a,0.0010000000000000005,0.0,-0.008599999999999997,0.0,0.0,0.0,,,,,,,,,,,,,,,
1789282541.9146655,a,0.0010000000000000005,0.0,-0.008799999999999997,0.0,0.0,0.0,,,,,,,,,,,,,,,
1789282541.9327083,a,0.0010000000000000005,0.0,-0.008999999999999998,0.0,0.0,0.0,,,,,,,,,,,,,,,
1789282541.9539664,a,0.0010000000000000005,0.0,-0.009199999999999998,0.0,0.0,0.0,,,,,,,,,,,,,,,
1789282541.9809053,a,0.0010000000000000005,0.0,-0.009399999999999999,0.0,0.0,0.0,,,,,,,,,,,,,,,
1789282541.9965084,a,0.0010000000000000005,0.0,-0.0096,0.0,0.0,0.0,,,,,,,,,,,,,,,
1789282542.015217,a,0.0010000000000000005,0.0,-0.0098,0.0,0.0,0.0,,,,,,,,,,,,,,,
1789282542.0321372,a,0.0010000000000000005,0.0,-0.01,0.0,0.0,0.0,,,,,,,,,,,,,,,
1789282542.0639927,a,0.0010000000000000005,0.0,-0.0102,0.0,0.0,0.0,,,,,,,,,,,,,,,
1789282542.0791948,a,0.0010000000000000005,0.0,-0.010400000000000001,0.0,0.0,0.0,,,,,,,,,,,,,,,
1789282542.0991168,a,0.0010000000000000005,0.0,-0.010600000000000002,0.0,0.0,0.0,,,,,,,,,,,,,,,
1789282542.1146853,a,0.0010000000000000005,0.0,-0.010800000000000002,0.0,0.0,0.0,,,,,,,,,,,,,,,
1789282542.1331596,a,0.0010000000000000005,0.0,-0.011000000000000003,0.0,0.0,0.0,,,,,,,,,,,,,,,
1789282542.163792,a,0.0010000000000000005,0.0,-0.011200000000000003,0.0,0.0,0.0,,,,,,,,,,,,,,,
1789282542.179226,a,0.0010000000000000005,0.0,-0.011400000000000004,0.0,0.0,0.0,,,,,,,,,,,,,,,
1789282542.194834,a,0.0010000000000000005,0.0,-0.011600000000000004,0.0,0.0,0.0,,,,,,,,,,,,,,,
1789282542.2162454,a,0.0010000000000000005,0.0,-0.011800000000000005,0.0,0.0,0.0,,,,,,,,,,,,,,,
1789282542.2465582,a,0.0010000000000000005,0.0,-0.012000000000000005,0.0,0.0,0.0,,,,,,,,,,,,,,,
1789282542.2664576,a,0.0010000000000000005,0.0,-0.012200000000000006,0.0,0.0,0.0,,,,,,,,,,,,,,,
1789282542.282375,a,0.0010000000000000005,0.0,-0.012400000000000007,0.0,0.0,0.0,,,,,,,,,,,,,,,
1789282542.2992098,a,0.0010000000000000005,0.0,-0.012600000000000007,0.0,0.0,0.0,,,,,,,,,,,,,,,
1789282542.3152843,a,0.0010000000000000005,0.0,-0.012800000000000008,0.0,0.0,0.0,,,,,,,,,,,,,,,
1789282542.3313003,a,0.0010000000000000005,0.0,-0.013000000000000008,0.0,0.0,0.0,,,,,,,,,,,,,,,
1789282542.364146,a,0.0010000000000000005,0.0,-0.013200000000000009,0.0,0.0,0.0,,,,,,,,,,,,,,,
1789282542.3809152,a,0.0010000000000000005,0.0,-0.013400000000000009,0.0,0.0,0.0,,,,,,,,,,,,,,,
1789282542.3958414,a,0.0010000000000000005,0.0,-0.01360000000000001,0.0,0.0,0.0,,,,,,,,,,,,,,,
1789282542.4118474,a,0.0010000000000000005,0.0,-0.01380000000000001,0.0,0.0,0.0,,,,,,,,,,,,,,,
1789282542.432303,a,0.0010000000000000005,0.0,-0.01400000000000001,0.0,0.0,0.0,,,,,,,,,,,,,,,
1789282542.4663074,a,0.0010000000000000005,0.0,-0.014200000000000011,0.0,0.0,0.0,,,,,,,,,,,,,,,
1789282542.4809942,a,0.0010000000000000005,0.0,-0.014400000000000012,0.0,0.0,0.0,,,,,,,,,,,,,,,
1789282542.4959724,a,0.0010000000000000005,0.0,-0.014600000000000012,0.0,0.0,0.0,,,,,,,,,,,,,,,
1789282542.516963,a,0.0010000000000000005,0.0,-0.014800000000000013,0.0,0.0,0.0,,,,,,,,,,,,,,,
1789282542.532863,a,0.0010000000000000005,0.0,-0.015000000000000013,0.0,0.0,0.0,,,,,,,,,,,,,,,
1789282542.5501306,a,0.0010000000000000005,0.0,-0.015200000000000014,0.0,0.0,0.0,,,,,,,,,,,,,,,
1789282542.5811338,a,0.0010000000000000005,0.0,-0.015400000000000014,0.0,0.0,0.0,,,,,,,,,,,,,,,
1789282542.5997336,a,0.0010000000000000005,0.0,-0.015600000000000015,0.0,0.0,0.0,,,,,,,,,,,,,,,
1789282542.6153631,a,0.0010000000000000005,0.0,-0.015800000000000015,0.0,0.0,0.0,,,,,,,,,,,,,,,
1789282542.6496348,a,0.0010000000000000005,0.0,-0.016000000000000014,0.0,0.0,0.0,,,,,,,,,,,,,,,
1789282542.6655493,a,0.0010000000000000005,0.0,-0.016200000000000013,0.0,0.0,0.0,,,,,,,,,,,,,,,
1789282542.6826088,a,0.0010000000000000005,0.0,-0.016400000000000012,0.0,0.0,0.0,,,,,,,,,,,,,,,
1789282542.6988647,a,0.0010000000000000005,0.0,-0.01660000000000001,0.0,0.0,0.0,,,,,,,,,,,,,,,
1789282542.7141335,a,0.0010000000000000005,0.0,-0.01680000000000001,0.0,0.0,0.0,,,,,,,,,,,,,,,
1789282542.7331583,a,0.0010000000000000005,0.0,-0.017000000000000008,0.0,0.0,0.0,,,,,,,,,,,,,,,
1789282542.7641263,a,0.0010000000000000005,0.0,-0.017200000000000007,0.0,0.0,0.0,,,,,,,,,,,,,,,
1789282542.781259,a,0.0010000000000000005,0.0,-0.017400000000000006,0.0,0.0,0.0,,,,,,,,,,,,,,,
1789282542.7973547,a,0.0010000000000000005,0.0,-0.017600000000000005,0.0,0.0,0.0,,,,,,,,,,,,,,,
1789282542.8152995,a,0.0010000000000000005,0.0,-0.017800000000000003,0.0,0.0,0.0,,,,,,,,,,,,,,,
1789282542.832899,a,0.0010000000000000005,0.0,-0.018000000000000002,0.0,0.0,0.0,,,,,,,,,,,,,,,
1789282542.8634245,a,0.0010000000000000005,0.0,-0.0182,0.0,0.0,0.0,,,,,,,,,,,,,,,
1789282542.881643,a,0.0010000000000000005,0.0,-0.0184,0.0,0.0,0.0,,,,,,,,,,,,,,,
1789282542.8970222,a,0.0010000000000000005,0.0,-0.0186,0.0,0.0,0.0,,,,,,,,,,,,,,,
1789282542.9155214,a,0.0010000000000000005,0.0,-0.018799999999999997,0.0,0.0,0.0,,,,,,,,,,,,,,,
1789282542.9314768,a,0.0010000000000000005,0.0,-0.018999999999999996,0.0,0.0,0.0,,,,,,,,,,,,,,,
1789282542.9667625,a,0.0010000000000000005,0.0,-0.019199999999999995,0.0,0.0,0.0,,,,,,,,,,,,,,,
1789282542.9818876,a,0.0010000000000000005,0.0,-0.019399999999999994,0.0,0.0,0.0,,,,,,,,,,,,,,,
1789282542.997679,a,0.0010000000000000005,0.0,-0.019599999999999992,0.0,0.0,0.0,,,,,,,,,,,,,,,
1789282543.01634,a,0.0010000000000000005,0.0,-0.01979999999999999,0.0,0.0,0.0,,,,,,,,,,,,,,,
1789282543.0328603,a,0.0010000000000000005,0.0,-0.01999999999999999,0.0,0.0,0.0,,,,,,,,,,,,,,,
1789282543.0532258,a,0.0010000000000000005,0.0,-0.02019999999999999,0.0,0.0,0.0,,,,,,,,,,,,,,,
1789282543.084984,a,0.0010000000000000005,0.0,-0.020399999999999988,0.0,0.0,0.0,,,,,,,,,,,,,,,
1789282543.101061,a,0.0010000000000000005,0.0,-0.020599999999999986,0.0,0.0,0.0,,,,,,,,,,,,,,,
1789282543.117106,a,0.0010000000000000005,0.0,-0.020799999999999985,0.0,0.0,0.0,,,,,,,,,,,,,,,
1789282543.1326163,a,0.0010000000000000005,0.0,-0.020999999999999984,0.0,0.0,0.0,,,,,,,,,,,,,,,
1789282543.1639886,a,0.0010000000000000005,0.0,-0.021199999999999983,0.0,0.0,0.0,,,,,,,,,,,,,,,
1789282543.1800792,a,0.0010000000000000005,0.0,-0.02139999999999998,0.0,0.0,0.0,,,,,,,,,,,,,,,
1789282543.1959875,a,0.0010000000000000005,0.0,-0.02159999999999998,0.0,0.0,0.0,,,,,,,,,,,,,,,
1789282543.2115324,a,0.0010000000000000005,0.0,-0.02179999999999998,0.0,0.0,0.0,,,,,,,,,,,,,,,
1789282543.2482255,a,0.0010000000000000005,0.0,-0.021999999999999978,0.0,0.0,0.0,,,,,,,,,,,,,,,
1789282543.2654665,a,0.0010000000000000005,0.0,-0.022199999999999977,0.0,0.0,0.0,,,,,,,,,,,,,,,
1789282543.2812862,a,0.0010000000000000005,0.0,-0.022399999999999975,0.0,0.0,0.0,,,,,,,,,,,,,,,
1789282543.2965827,a,0.0010000000000000005,0.0,-0.022599999999999974,0.0,0.0,0.0,,,,,,,,,,,,,,,
1789282543.3152301,a,0.0010000000000000005,0.0,-0.022799999999999973,0.0,0.0,0.0,,,,,,,,,,,,,,,
1789282543.3314788,a,0.0010000000000000005,0.0,-0.022999999999999972,0.0,0.0,0.0,,,,,,,,,,,,,,,
1789282543.3649094,a,0.0010000000000000005,0.0,-0.02319999999999997,0.0,0.0,0.0,,,,,,,,,,,,,,,
1789282543.3807633,a,0.0010000000000000005,0.0,-0.02339999999999997,0.0,0.0,0.0,,,,,,,,,,,,,,,
1789282543.399803,a,0.0010000000000000005,0.0,-0.023599999999999968,0.0,0.0,0.0,,,,,,,,,,,,,,,
1789282543.4175296,a,0.0010000000000000005,0.0,-0.023799999999999967,0.0,0.0,0.0,,,,,,,,,,,,,,,
1789282543.4338567,a,0.0010000000000000005,0.0,-0.023999999999999966,0.0,0.0,0.0,,,,,,,,,,,,,,,
1789282543.4670954,a,0.0010000000000000005,0.0,-0.024199999999999965,0.0,0.0,0.0,,,,,,,,,,,,,,,
1789282543.482518,a,0.0010000000000000005,0.0,-0.024399999999999963,0.0,0.0,0.0,,,,,,,,,,,,,,,
1789282543.4981058,a,0.0010000000000000005,0.0,-0.024599999999999962,0.0,0.0,0.0,,,,,,,,,,,,,,,
1789282543.5146003,a,0.0010000000000000005,0.0,-0.02479999999999996,0.0,0.0,0.0,,,,,,,,,,,,,,,
1789282543.5306122,a,0.0010000000000000005,0.0,-0.02499999999999996,0.0,0.0,0.0,,,,,,,,,,,,,,,
1789282543.567115,a,0.0010000000000000005,0.0,-0.02519999999999996,0.0,0.0,0.0,,,,,,,,,,,,,,,
1789282543.5718625,a,0.0010000000000000005,0.0,-0.025399999999999957,0.0,0.0,0.0,,,,,,,,,,,,,,,
1789282543.603292,a,0.0010000000000000005,0.0,-0.025599999999999956,0.0,0.0,0.0,,,,,,,,,,,,,,,
1789282543.6165223,a,0.0010000000000000005,0.0,-0.025799999999999955,0.0,0.0,0.0,,,,,,,,,,,,,,,
1789282543.631583,a,0.0010000000000000005,0.0,-0.025999999999999954,0.0,0.0,0.0,,,,,,,,,,,,,,,
1789282543.6664443,a,0.0010000000000000005,0.0,-0.026199999999999952,0.0,0.0,0.0,,,,,,,,,,,,,,,
1789282543.6827624,a,0.0010000000000000005,0.0,-0.02639999999999995,0.0,0.0,0.0,,,,,,,,,,,,,,,
1789282543.697902,a,0.0010000000000000005,0.0,-0.02659999999999995,0.0,0.0,0.0,,,,,,,,,,,,,,,
1789282543.7164,a,0.0010000000000000005,0.0,-0.02679999999999995,0.0,0.0,0.0,,,,,,,,,,,,,,,
1789282543.7318766,a,0.0010000000000000005,0.0,-0.026999999999999948,0.0,0.0,0.0,,,,,,,,,,,,,,,
1789282543.7663674,a,0.0010000000000000005,0.0,-0.027199999999999946,0.0,0.0,0.0,,,,,,,,,,,,,,,
1789282543.7830336,a,0.0010000000000000005,0.0,-0.027399999999999945,0.0,0.0,0.0,,,,,,,,,,,,,,,
1789282543.798023,a,0.0010000000000000005,0.0,-0.027599999999999944,0.0,0.0,0.0,,,,,,,,,,,,,,,
1789282543.816586,a,0.0010000000000000005,0.0,-0.027799999999999943,0.0,0.0,0.0,,,,,,,,,,,,,,,
1789282543.8331852,a,0.0010000000000000005,0.0,-0.02799999999999994,0.0,0.0,0.0,,,,,,,,,,,,,,,
1789282543.864059,a,0.0010000000000000005,0.0,-0.02819999999999994,0.0,0.0,0.0,,,,,,,,,,,,,,,
1789282543.8796813,a,0.0010000000000000005,0.0,-0.02839999999999994,0.0,0.0,0.0,,,,,,,,,,,,,,,
1789282543.89961,a,0.0010000000000000005,0.0,-0.028599999999999938,0.0,0.0,0.0,,,,,,,,,,,,,,,
1789282543.9162128,a,0.0010000000000000005,0.0,-0.028799999999999937,0.0,0.0,0.0,,,,,,,,,,,,,,,
1789282543.9319518,a,0.0010000000000000005,0.0,-0.028999999999999936,0.0,0.0,0.0,,,,,,,,,,,,,,,
1789282543.9653404,a,0.0010000000000000005,0.0,-0.029199999999999934,0.0,0.0,0.0,,,,,,,,,,,,,,,
1789282543.9807663,a,0.0010000000000000005,0.0,-0.029399999999999933,0.0,0.0,0.0,,,,,,,,,,,,,,,
1789282543.9960535,a,0.0010000000000000005,0.0,-0.029599999999999932,0.0,0.0,0.0,,,,,,,,,,,,,,,
1789282544.015046,a,0.0010000000000000005,0.0,-0.02979999999999993,0.0,0.0,0.0,,,,,,,,,,,,,,,
1789282544.033539,a,0.0010000000000000005,0.0,-0.02999999999999993,0.0,0.0,0.0,,,,,,,,,,,,,,,
1789282544.065195,a,0.0010000000000000005,0.0,-0.03019999999999993,0.0,0.0,0.0,,,,,,,,,,,,,,,
1789282544.0811245,a,0.0010000000000000005,0.0,-0.030399999999999927,0.0,0.0,0.0,,,,,,,,,,,,,,,
1789282544.1004019,a,0.0010000000000000005,0.0,-0.030599999999999926,0.0,0.0,0.0,,,,,,,,,,,,,,,
1789282544.1161964,a,0.0010000000000000005,0.0,-0.030799999999999925,0.0,0.0,0.0,,,,,,,,,,,,,,,
1789282544.1324008,a,0.0010000000000000005,0.0,-0.030999999999999923,0.0,0.0,0.0,,,,,,,,,,,,,,,
1789282544.1634252,a,0.0010000000000000005,0.0,-0.031199999999999922,0.0,0.0,0.0,,,,,,,,,,,,,,,
1789282544.1822145,a,0.0010000000000000005,0.0,-0.03139999999999992,0.0,0.0,0.0,,,,,,,,,,,,,,,
1789282544.1976511,a,0.0010000000000000005,0.0,-0.03159999999999992,0.0,0.0,0.0,,,,,,,,,,,,,,,
1789282544.2165797,a,0.0010000000000000005,0.0,-0.03179999999999992,0.0,0.0,0.0,,,,,,,,,,,,,,,
1789282544.2318735,a,0.0010000000000000005,0.0,-0.03199999999999992,0.0,0.0,0.0,,,,,,,,,,,,,,,
1789282544.266689,a,0.0010000000000000005,0.0,-0.032199999999999916,0.0,0.0,0.0,,,,,,,,,,,,,,,
1789282544.282805,a,0.0010000000000000005,0.0,-0.032399999999999915,0.0,0.0,0.0,,,,,,,,,,,,,,,
1789282544.299755,a,0.0010000000000000005,0.0,-0.032599999999999914,0.0,0.0,0.0,,,,,,,,,,,,,,,
1789282544.3167138,a,0.0010000000000000005,0.0,-0.03279999999999991,0.0,0.0,0.0,,,,,,,,,,,,,,,
1789282544.3330843,a,0.0010000000000000005,0.0,-0.03299999999999991,0.0,0.0,0.0,,,,,,,,,,,,,,,
1789282544.3647382,d,0.0010000000000000005,0.0,-0.03279999999999991,0.0,0.0,0.0,,,,,,,,,,,,,,,
1789282544.380211,d,0.0010000000000000005,0.0,-0.032599999999999914,0.0,0.0,0.0,,,,,,,,,,,,,,,
1789282544.3955915,d,0.0010000000000000005,0.0,-0.032399999999999915,0.0,0.0,0.0,,,,,,,,,,,,,,,
1789282544.4150288,d,0.0010000000000000005,0.0,-0.032199999999999916,0.0,0.0,0.0,,,,,,,,,,,,,,,
1789282544.4505098,d,0.0010000000000000005,0.0,-0.03199999999999992,0.0,0.0,0.0,,,,,,,,,,,,,,,
1789282544.4662132,d,0.0010000000000000005,0.0,-0.03179999999999992,0.0,0.0,0.0,,,,,,,,,,,,,,,
1789282544.4817266,d,0.0010000000000000005,0.0,-0.03159999999999992,0.0,0.0,0.0,,,,,,,,,,,,,,,
1789282544.4969387,d,0.0010000000000000005,0.0,-0.03139999999999992,0.0,0.0,0.0,,,,,,,,,,,,,,,
1789282544.5173416,d,0.0010000000000000005,0.0,-0.031199999999999922,0.0,0.0,0.0,,,,,,,,,,,,,,,
1789282544.5333264,d,0.0010000000000000005,0.0,-0.030999999999999923,0.0,0.0,0.0,,,,,,,,,,,,,,,
1789282544.5641458,d,0.0010000000000000005,0.0,-0.030799999999999925,0.0,0.0,0.0,,,,,,,,,,,,,,,
1789282544.5804029,d,0.0010000000000000005,0.0,-0.030599999999999926,0.0,0.0,0.0,,,,,,,,,,,,,,,
1789282544.600728,d,0.0010000000000000005,0.0,-0.030399999999999927,0.0,0.0,0.0,,,,,,,,,,,,,,,
1789282544.6168985,d,0.0010000000000000005,0.0,-0.03019999999999993,0.0,0.0,0.0,,,,,,,,,,,,,,,
1789282544.6335108,d,0.0010000000000000005,0.0,-0.02999999999999993,0.0,0.0,0.0,,,,,,,,,,,,,,,
1789282544.6645129,d,0.0010000000000000005,0.0,-0.02979999999999993,0.0,0.0,0.0,,,,,,,,,,,,,,,
1789282544.683081,d,0.0010000000000000005,0.0,-0.029599999999999932,0.0,0.0,0.0,,,,,,,,,,,,,,,
1789282544.6988873,d,0.0010000000000000005,0.0,-0.029399999999999933,0.0,0.0,0.0,,,,,,,,,,,,,,,
1789282544.715623,d,0.0010000000000000005,0.0,-0.029199999999999934,0.0,0.0,0.0,,,,,,,,,,,,,,,
1789282544.7336168,d,0.0010000000000000005,0.0,-0.028999999999999936,0.0,0.0,0.0,,,,,,,,,,,,,,,
1789282544.764753,d,0.0010000000000000005,0.0,-0.028799999999999937,0.0,0.0,0.0,,,,,,,,,,,,,,,
1789282544.7836158,d,0.0010000000000000005,0.0,-0.028599999999999938,0.0,0.0,0.0,,,,,,,,,,,,,,,
1789282544.7988474,d,0.0010000000000000005,0.0,-0.02839999999999994,0.0,0.0,0.0,,,,,,,,,,,,,,,
1789282544.8141873,d,0.0010000000000000005,0.0,-0.02819999999999994,0.0,0.0,0.0,,,,,,,,,,,,,,,
1789282544.8320966,d,0.0010000000000000005,0.0,-0.02799999999999994,0.0,0.0,0.0,,,,,,,,,,,,,,,
1789282544.866369,d,0.0010000000000000005,0.0,-0.027799999999999943,0.0,0.0,0.0,,,,,,,,,,,,,,,
1789282544.8744745,d,0.0010000000000000005,0.0,-0.027599999999999944,0.0,0.0,0.0,,,,,,,,,,,,,,,
1789282544.8971236,d,0.0010000000000000005,0.0,-0.027399999999999945,0.0,0.0,0.0,,,,,,,,,,,,,,,
1789282544.9162679,d,0.0010000000000000005,0.0,-0.027199999999999946,0.0,0.0,0.0,,,,,,,,,,,,,,,
1789282544.9479668,d,0.0010000000000000005,0.0,-0.026999999999999948,0.0,0.0,0.0,,,,,,,,,,,,,,,
1789282544.9626958,d,0.0010000000000000005,0.0,-0.02679999999999995,0.0,0.0,0.0,,,,,,,,,,,,,,,
1789282544.982312,d,0.0010000000000000005,0.0,-0.02659999999999995,0.0,0.0,0.0,,,,,,,,,,,,,,,
1789282545.001671,d,0.0010000000000000005,0.0,-0.02639999999999995,0.0,0.0,0.0,,,,,,,,,,,,,,,
1789282545.0171108,d,0.0010000000000000005,0.0,-0.026199999999999952,0.0,0.0,0.0,,,,,,,,,,,,,,,
1789282545.0496595,d,0.0010000000000000005,0.0,-0.025999999999999954,0.0,0.0,0.0,,,,,,,,,,,,,,,
1789282545.0681403,d,0.0010000000000000005,0.0,-0.025799999999999955,0.0,0.0,0.0,,,,,,,,,,,,,,,
1789282545.0841053,d,0.0010000000000000005,0.0,-0.025599999999999956,0.0,0.0,0.0,,,,,,,,,,,,,,,
1789282545.0996335,d,0.0010000000000000005,0.0,-0.025399999999999957,0.0,0.0,0.0,,,,,,,,,,,,,,,
1789282545.1162777,d,0.0010000000000000005,0.0,-0.02519999999999996,0.0,0.0,0.0,,,,,,,,,,,,,,,
1789282545.1476085,d,0.0010000000000000005,0.0,-0.02499999999999996,0.0,0.0,0.0,,,,,,,,,,,,,,,
1789282545.162662,d,0.0010000000000000005,0.0,-0.02479999999999996,0.0,0.0,0.0,,,,,,,,,,,,,,,
1789282545.1779327,d,0.0010000000000000005,0.0,-0.024599999999999962,0.0,0.0,0.0,,,,,,,,,,,,,,,
1789282545.1994994,d,0.0010000000000000005,0.0,-0.024399999999999963,0.0,0.0,0.0,,,,,,,,,,,,,,,
1789282545.2162392,d,0.0010000000000000005,0.0,-0.024199999999999965,0.0,0.0,0.0,,,,,,,,,,,,,,,
1789282545.248765,d,0.0010000000000000005,0.0,-0.023999999999999966,0.0,0.0,0.0,,,,,,,,,,,,,,,
1789282545.26575,d,0.0010000000000000005,0.0,-0.023799999999999967,0.0,0.0,0.0,,,,,,,,,,,,,,,
1789282545.2813058,d,0.0010000000000000005,0.0,-0.023599999999999968,0.0,0.0,0.0,,,,,,,,,,,,,,,
1789282545.2982519,d,0.0010000000000000005,0.0,-0.02339999999999997,0.0,0.0,0.0,,,,,,,,,,,,,,,
1789282545.3151278,d,0.0010000000000000005,0.0,-0.02319999999999997,0.0,0.0,0.0,,,,,,,,,,,,,,,
1789282545.3504138,d,0.0010000000000000005,0.0,-0.022999999999999972,0.0,0.0,0.0,,,,,,,,,,,,,,,
1789282545.365554,d,0.0010000000000000005,0.0,-0.022799999999999973,0.0,0.0,0.0,,,,,,,,,,,,,,,
1789282545.383609,d,0.0010000000000000005,0.0,-0.022599999999999974,0.0,0.0,0.0,,,,,,,,,,,,,,,
1789282545.4006138,d,0.0010000000000000005,0.0,-0.022399999999999975,0.0,0.0,0.0,,,,,,,,,,,,,,,
1789282545.416045,d,0.0010000000000000005,0.0,-0.022199999999999977,0.0,0.0,0.0,,,,,,,,,,,,,,,
1789282545.4507184,d,0.0010000000000000005,0.0,-0.021999999999999978,0.0,0.0,0.0,,,,,,,,,,,,,,,
1789282545.467168,d,0.0010000000000000005,0.0,-0.02179999999999998,0.0,0.0,0.0,,,,,,,,,,,,,,,
1789282545.482841,d,0.0010000000000000005,0.0,-0.02159999999999998,0.0,0.0,0.0,,,,,,,,,,,,,,,
1789282545.497594,d,0.0010000000000000005,0.0,-0.02139999999999998,0.0,0.0,0.0,,,,,,,,,,,,,,,
1789282545.5159018,d,0.0010000000000000005,0.0,-0.021199999999999983,0.0,0.0,0.0,,,,,,,,,,,,,,,
1789282545.5483754,d,0.0010000000000000005,0.0,-0.020999999999999984,0.0,0.0,0.0,,,,,,,,,,,,,,,
1789282545.5663218,d,0.0010000000000000005,0.0,-0.020799999999999985,0.0,0.0,0.0,,,,,,,,,,,,,,,
1789282545.581404,d,0.0010000000000000005,0.0,-0.020599999999999986,0.0,0.0,0.0,,,,,,,,,,,,,,,
1789282545.5962298,d,0.0010000000000000005,0.0,-0.020399999999999988,0.0,0.0,0.0,,,,,,,,,,,,,,,
1789282545.617079,d,0.0010000000000000005,0.0,-0.02019999999999999,0.0,0.0,0.0,,,,,,,,,,,,,,,
1789282545.650079,d,0.0010000000000000005,0.0,-0.01999999999999999,0.0,0.0,0.0,,,,,,,,,,,,,,,
1789282545.6643279,d,0.0010000000000000005,0.0,-0.01979999999999999,0.0,0.0,0.0,,,,,,,,,,,,,,,
1789282545.6830294,d,0.0010000000000000005,0.0,-0.019599999999999992,0.0,0.0,0.0,,,,,,,,,,,,,,,
1789282545.6996028,d,0.0010000000000000005,0.0,-0.019399999999999994,0.0,0.0,0.0,,,,,,,,,,,,,,,
1789282545.7165892,d,0.0010000000000000005,0.0,-0.019199999999999995,0.0,0.0,0.0,,,,,,,,,,,,,,,
1789282545.7467232,d,0.0010000000000000005,0.0,-0.018999999999999996,0.0,0.0,0.0,,,,,,,,,,,,,,,
1789282545.7656837,d,0.0010000000000000005,0.0,-0.018799999999999997,0.0,0.0,0.0,,,,,,,,,,,,,,,
1789282545.7828882,d,0.0010000000000000005,0.0,-0.0186,0.0,0.0,0.0,,,,,,,,,,,,,,,
1789282545.7982209,d,0.0010000000000000005,0.0,-0.0184,0.0,0.0,0.0,,,,,,,,,,,,,,,
1789282545.814242,d,0.0010000000000000005,0.0,-0.0182,0.0,0.0,0.0,,,,,,,,,,,,,,,
1789282545.8489404,d,0.0010000000000000005,0.0,-0.018000000000000002,0.0,0.0,0.0,,,,,,,,,,,,,,,
1789282545.8662758,d,0.0010000000000000005,0.0,-0.017800000000000003,0.0,0.0,0.0,,,,,,,,,,,,,,,
1789282545.8821442,d,0.0010000000000000005,0.0,-0.017600000000000005,0.0,0.0,0.0,,,,,,,,,,,,,,,
1789282545.8973737,d,0.0010000000000000005,0.0,-0.017400000000000006,0.0,0.0,0.0,,,,,,,,,,,,,,,
1789282545.9289532,d,0.0010000000000000005,0.0,-0.017200000000000007,0.0,0.0,0.0,,,,,,,,,,,,,,,
1789282545.9495866,d,0.0010000000000000005,0.0,-0.017000000000000008,0.0,0.0,0.0,,,,,,,,,,,,,,,
1789282545.96624,d,0.0010000000000000005,0.0,-0.01680000000000001,0.0,0.0,0.0,,,,,,,,,,,,,,,
1789282545.981844,d,0.0010000000000000005,0.0,-0.01660000000000001,0.0,0.0,0.0,,,,,,,,,,,,,,,
1789282545.9988716,d,0.0010000000000000005,0.0,-0.016400000000000012,0.0,0.0,0.0,,,,,,,,,,,,,,,
1789282546.0162401,d,0.0010000000000000005,0.0,-0.016200000000000013,0.0,0.0,0.0,,,,,,,,,,,,,,,
1789282546.0484107,d,0.0010000000000000005,0.0,-0.016000000000000014,0.0,0.0,0.0,,,,,,,,,,,,,,,
1789282546.0662208,d,0.0010000000000000005,0.0,-0.015800000000000015,0.0,0.0,0.0,,,,,,,,,,,,,,,
1789282546.0829117,d,0.0010000000000000005,0.0,-0.015600000000000015,0.0,0.0,0.0,,,,,,,,,,,,,,,
1789282546.103553,d,0.0010000000000000005,0.0,-0.015400000000000014,0.0,0.0,0.0,,,,,,,,,,,,,,,
1789282546.1192205,d,0.0010000000000000005,0.0,-0.015200000000000014,0.0,0.0,0.0,,,,,,,,,,,,,,,
1789282546.1498127,d,0.0010000000000000005,0.0,-0.015000000000000013,0.0,0.0,0.0,,,,,,,,,,,,,,,
1789282546.1700282,d,0.0010000000000000005,0.0,-0.014800000000000013,0.0,0.0,0.0,,,,,,,,,,,,,,,
1789282546.1857874,d,0.0010000000000000005,0.0,-0.014600000000000012,0.0,0.0,0.0,,,,,,,,,,,,,,,
1789282546.2013834,d,0.0010000000000000005,0.0,-0.014400000000000012,0.0,0.0,0.0,,,,,,,,,,,,,,,
1789282546.2167237,d,0.0010000000000000005,0.0,-0.014200000000000011,0.0,0.0,0.0,,,,,,,,,,,,,,,
1789282546.2501583,d,0.0010000000000000005,0.0,-0.01400000000000001,0.0,0.0,0.0,,,,,,,,,,,,,,,
1789282546.2653801,d,0.0010000000000000005,0.0,-0.01380000000000001,0.0,0.0,0.0,,,,,,,,,,,,,,,
1789282546.2804708,d,0.0010000000000000005,0.0,-0.01360000000000001,0.0,0.0,0.0,,,,,,,,,,,,,,,
1789282546.299377,d,0.0010000000000000005,0.0,-0.013400000000000009,0.0,0.0,0.0,,,,,,,,,,,,,,,
1789282546.3156424,d,0.0010000000000000005,0.0,-0.013200000000000009,0.0,0.0,0.0,,,,,,,,,,,,,,,
1789282546.3499267,d,0.0010000000000000005,0.0,-0.013000000000000008,0.0,0.0,0.0,,,,,,,,,,,,,,,
1789282546.3655283,d,0.0010000000000000005,0.0,-0.012800000000000008,0.0,0.0,0.0,,,,,,,,,,,,,,,
1789282546.381457,d,0.0010000000000000005,0.0,-0.012600000000000007,0.0,0.0,0.0,,,,,,,,,,,,,,,
1789282546.4006,d,0.0010000000000000005,0.0,-0.012400000000000007,0.0,0.0,0.0,,,,,,,,,,,,,,,
1789282546.4164765,d,0.0010000000000000005,0.0,-0.012200000000000006,0.0,0.0,0.0,,,,,,,,,,,,,,,
1789282546.4480174,d,0.0010000000000000005,0.0,-0.012000000000000005,0.0,0.0,0.0,,,,,,,,,,,,,,,
1789282546.463449,d,0.0010000000000000005,0.0,-0.011800000000000005,0.0,0.0,0.0,,,,,,,,,,,,,,,
1789282546.4823296,d,0.0010000000000000005,0.0,-0.011600000000000004,0.0,0.0,0.0,,,,,,,,,,,,,,,
1789282546.4986017,d,0.0010000000000000005,0.0,-0.011400000000000004,0.0,0.0,0.0,,,,,,,,,,,,,,,
1789282546.5147402,d,0.0010000000000000005,0.0,-0.011200000000000003,0.0,0.0,0.0,,,,,,,,,,,,,,,
1789282546.5479965,d,0.0010000000000000005,0.0,-0.011000000000000003,0.0,0.0,0.0,,,,,,,,,,,,,,,
1789282546.5661104,d,0.0010000000000000005,0.0,-0.010800000000000002,0.0,0.0,0.0,,,,,,,,,,,,,,,
1789282546.5836966,d,0.0010000000000000005,0.0,-0.010600000000000002,0.0,0.0,0.0,,,,,,,,,,,,,,,
1789282546.598909,d,0.0010000000000000005,0.0,-0.010400000000000001,0.0,0.0,0.0,,,,,,,,,,,,,,,
1789282546.633048,d,0.0010000000000000005,0.0,-0.0102,0.0,0.0,0.0,,,,,,,,,,,,,,,
1789282546.6482882,d,0.0010000000000000005,0.0,-0.01,0.0,0.0,0.0,,,,,,,,,,,,,,,
1789282546.6642058,d,0.0010000000000000005,0.0,-0.0098,0.0,0.0,0.0,,,,,,,,,,,,,,,
1789282546.6822565,d,0.0010000000000000005,0.0,-0.0096,0.0,0.0,0.0,,,,,,,,,,,,,,,
1789282546.6995654,d,0.0010000000000000005,0.0,-0.009399999999999999,0.0,0.0,0.0,,,,,,,,,,,,,,,
1789282546.7330713,d,0.0010000000000000005,0.0,-0.009199999999999998,0.0,0.0,0.0,,,,,,,,,,,,,,,
1789282546.7480333,d,0.0010000000000000005,0.0,-0.008999999999999998,0.0,0.0,0.0,,,,,,,,,,,,,,,
1789282546.7633915,d,0.0010000000000000005,0.0,-0.008799999999999997,0.0,0.0,0.0,,,,,,,,,,,,,,,
1789282546.7829406,d,0.0010000000000000005,0.0,-0.008599999999999997,0.0,0.0,0.0,,,,,,,,,,,,,,,
1789282546.7989655,d,0.0010000000000000005,0.0,-0.008399999999999996,0.0,0.0,0.0,,,,,,,,,,,,,,,
1789282546.8163273,d,0.0010000000000000005,0.0,-0.008199999999999995,0.0,0.0,0.0,,,,,,,,,,,,,,,
1789282546.8469832,d,0.0010000000000000005,0.0,-0.007999999999999995,0.0,0.0,0.0,,,,,,,,,,,,,,,
1789282546.865182,d,0.0010000000000000005,0.0,-0.007799999999999995,0.0,0.0,0.0,,,,,,,,,,,,,,,
1789282546.8824203,d,0.0010000000000000005,0.0,-0.007599999999999996,0.0,0.0,0.0,,,,,,,,,,,,,,,
1789282546.8996406,d,0.0010000000000000005,0.0,-0.007399999999999996,0.0,0.0,0.0,,,,,,,,,,,,,,,
1789282546.9152768,d,0.0010000000000000005,0.0,-0.007199999999999996,0.0,0.0,0.0,,,,,,,,,,,,,,,
1789282546.9495628,d,0.0010000000000000005,0.0,-0.006999999999999997,0.0,0.0,0.0,,,,,,,,,,,,,,,
1789282546.9649036,d,0.0010000000000000005,0.0,-0.006799999999999997,0.0,0.0,0.0,,,,,,,,,,,,,,,
1789282546.9799755,d,0.0010000000000000005,0.0,-0.006599999999999997,0.0,0.0,0.0,,,,,,,,,,,,,,,
1789282546.999718,d,0.0010000000000000005,0.0,-0.006399999999999998,0.0,0.0,0.0,,,,,,,,,,,,,,,
1789282547.0154178,d,0.0010000000000000005,0.0,-0.006199999999999998,0.0,0.0,0.0,,,,,,,,,,,,,,,
1789282547.0489292,d,0.0010000000000000005,0.0,-0.005999999999999998,0.0,0.0,0.0,,,,,,,,,,,,,,,
1789282547.0662034,d,0.0010000000000000005,0.0,-0.005799999999999999,0.0,0.0,0.0,,,,,,,,,,,,,,,
1789282547.083063,d,0.0010000000000000005,0.0,-0.005599999999999999,0.0,0.0,0.0,,,,,,,,,,,,,,,
1789282547.1041307,d,0.0010000000000000005,0.0,-0.005399999999999999,0.0,0.0,0.0,,,,,,,,,,,,,,,
1789282547.1197252,d,0.0010000000000000005,0.0,-0.0052,0.0,0.0,0.0,,,,,,,,,,,,,,,
1789282547.1495235,d,0.0010000000000000005,0.0,-0.005,0.0,0.0,0.0,,,,,,,,,,,,,,,
1789282547.167105,d,0.0010000000000000005,0.0,-0.0048000000000000004,0.0,0.0,0.0,,,,,,,,,,,,,,,
1789282547.1830826,d,0.0010000000000000005,0.0,-0.004600000000000001,0.0,0.0,0.0,,,,,,,,,,,,,,,
1789282547.1982167,d,0.0010000000000000005,0.0,-0.004400000000000001,0.0,0.0,0.0,,,,,,,,,,,,,,,
1789282547.2161176,d,0.0010000000000000005,0.0,-0.0042000000000000015,0.0,0.0,0.0,,,,,,,,,,,,,,,
1789282547.2482204,d,0.0010000000000000005,0.0,-0.004000000000000002,0.0,0.0,0.0,,,,,,,,,,,,,,,
1789282547.2664225,d,0.0010000000000000005,0.0,-0.0038000000000000017,0.0,0.0,0.0,,,,,,,,,,,,,,,
1789282547.2821753,d,0.0010000000000000005,0.0,-0.0036000000000000016,0.0,0.0,0.0,,,,,,,,,,,,,,,
1789282547.298938,d,0.0010000000000000005,0.0,-0.0034000000000000015,0.0,0.0,0.0,,,,,,,,,,,,,,,
1789282547.3164048,d,0.0010000000000000005,0.0,-0.0032000000000000015,0.0,0.0,0.0,,,,,,,,,,,,,,,
1789282547.347047,d,0.0010000000000000005,0.0,-0.0030000000000000014,0.0,0.0,0.0,,,,,,,,,,,,,,,
1789282547.3651752,d,0.0010000000000000005,0.0,-0.0028000000000000013,0.0,0.0,0.0,,,,,,,,,,,,,,,
1789282547.380968,d,0.0010000000000000005,0.0,-0.002600000000000001,0.0,0.0,0.0,,,,,,,,,,,,,,,
1789282547.3967528,,0.0010000000000000005,0.0,-0.002600000000000001,0.0,0.0,0.0,,,,,,,,,,,,,,,
1789282547.4149904,,0.0010000000000000005,0.0,-0.002600000000000001,0.0,0.0,0.0,,,,,,,,,,,,,,,
1789282547.4506655,,0.0010000000000000005,0.0,-0.002600000000000001,0.0,0.0,0.0,,,,,,,,,,,,,,,
1789282547.4656851,,0.0010000000000000005,0.0,-0.002600000000000001,0.0,0.0,0.0,,,,,,,,,,,,,,,
1789282547.4812734,,0.0010000000000000005,0.0,-0.002600000000000001,0.0,0.0,0.0,,,,,,,,,,,,,,,
1789282547.498165,,0.0010000000000000005,0.0,-0.002600000000000001,0.0,0.0,0.0,,,,,,,,,,,,,,,
1789282547.5162094,q,0.0010000000000000005,0.0002,-0.002600000000000001,0.0,0.0,0.0,,,,,,,,,,,,,,,
1789282547.5476124,q,0.0010000000000000005,0.0004,-0.002600000000000001,0.0,0.0,0.0,,,,,,,,,,,,,,,
1789282547.5660024,q,0.0010000000000000005,0.0006000000000000001,-0.002600000000000001,0.0,0.0,0.0,,,,,,,,,,,,,,,
1789282547.582836,q,0.0010000000000000005,0.0008,-0.002600000000000001,0.0,0.0,0.0,,,,,,,,,,,,,,,
1789282547.5983315,q,0.0010000000000000005,0.001,-0.002600000000000001,0.0,0.0,0.0,,,,,,,,,,,,,,,
1789282547.6169786,q,0.0010000000000000005,0.0012000000000000001,-0.002600000000000001,0.0,0.0,0.0,,,,,,,,,,,,,,,
1789282547.6477706,q,0.0010000000000000005,0.0014000000000000002,-0.002600000000000001,0.0,0.0,0.0,,,,,,,,,,,,,,,
1789282547.6667793,q,0.0010000000000000005,0.0016000000000000003,-0.002600000000000001,0.0,0.0,0.0,,,,,,,,,,,,,,,
1789282547.6817079,q,0.0010000000000000005,0.0018000000000000004,-0.002600000000000001,0.0,0.0,0.0,,,,,,,,,,,,,,,
1789282547.6979272,q,0.0010000000000000005,0.0020000000000000005,-0.002600000000000001,0.0,0.0,0.0,,,,,,,,,,,,,,,
1789282547.7162793,q,0.0010000000000000005,0.0022000000000000006,-0.002600000000000001,0.0,0.0,0.0,,,,,,,,,,,,,,,
1789282547.7471678,q,0.0010000000000000005,0.0024000000000000007,-0.002600000000000001,0.0,0.0,0.0,,,,,,,,,,,,,,,
1789282547.7668533,q,0.0010000000000000005,0.0026000000000000007,-0.002600000000000001,0.0,0.0,0.0,,,,,,,,,,,,,,,
1789282547.7816818,q,0.0010000000000000005,0.002800000000000001,-0.002600000000000001,0.0,0.0,0.0,,,,,,,,,,,,,,,
1789282547.7969413,q,0.0010000000000000005,0.003000000000000001,-0.002600000000000001,0.0,0.0,0.0,,,,,,,,,,,,,,,
1789282547.8157177,q,0.0010000000000000005,0.003200000000000001,-0.002600000000000001,0.0,0.0,0.0,,,,,,,,,,,,,,,
1789282547.8468804,q,0.0010000000000000005,0.003400000000000001,-0.002600000000000001,0.0,0.0,0.0,,,,,,,,,,,,,,,
1789282547.8667936,q,0.0010000000000000005,0.003600000000000001,-0.002600000000000001,0.0,0.0,0.0,,,,,,,,,,,,,,,
1789282547.8835309,q,0.0010000000000000005,0.0038000000000000013,-0.002600000000000001,0.0,0.0,0.0,,,,,,,,,,,,,,,
1789282547.8987522,q,0.0010000000000000005,0.004000000000000001,-0.002600000000000001,0.0,0.0,0.0,,,,,,,,,,,,,,,
1789282547.917066,q,0.0010000000000000005,0.004200000000000001,-0.002600000000000001,0.0,0.0,0.0,,,,,,,,,,,,,,,
1789282547.9495265,q,0.0010000000000000005,0.0044,-0.002600000000000001,0.0,0.0,0.0,,,,,,,,,,,,,,,
1789282547.9657257,q,0.0010000000000000005,0.0046,-0.002600000000000001,0.0,0.0,0.0,,,,,,,,,,,,,,,
1789282547.982734,q,0.0010000000000000005,0.0048,-0.002600000000000001,0.0,0.0,0.0,,,,,,,,,,,,,,,
1789282547.9974701,q,0.0010000000000000005,0.004999999999999999,-0.002600000000000001,0.0,0.0,0.0,,,,,,,,,,,,,,,
1789282548.0162158,q,0.0010000000000000005,0.005199999999999999,-0.002600000000000001,0.0,0.0,0.0,,,,,,,,,,,,,,,
1789282548.0473623,q,0.0010000000000000005,0.0053999999999999986,-0.002600000000000001,0.0,0.0,0.0,,,,,,,,,,,,,,,
1789282548.0654867,q,0.0010000000000000005,0.005599999999999998,-0.002600000000000001,0.0,0.0,0.0,,,,,,,,,,,,,,,
1789282548.0812964,q,0.0010000000000000005,0.005799999999999998,-0.002600000000000001,0.0,0.0,0.0,,,,,,,,,,,,,,,
1789282548.0997748,q,0.0010000000000000005,0.0059999999999999975,-0.002600000000000001,0.0,0.0,0.0,,,,,,,,,,,,,,,
1789282548.114849,q,0.0010000000000000005,0.006199999999999997,-0.002600000000000001,0.0,0.0,0.0,,,,,,,,,,,,,,,
1789282548.1462913,q,0.0010000000000000005,0.006399999999999997,-0.002600000000000001,0.0,0.0,0.0,,,,,,,,,,,,,,,
1789282548.1615608,q,0.0010000000000000005,0.0065999999999999965,-0.002600000000000001,0.0,0.0,0.0,,,,,,,,,,,,,,,
1789282548.177297,q,0.0010000000000000005,0.006799999999999996,-0.002600000000000001,0.0,0.0,0.0,,,,,,,,,,,,,,,
1789282548.2149124,q,0.0010000000000000005,0.006999999999999996,-0.002600000000000001,0.0,0.0,0.0,,,,,,,,,,,,,,,
1789282548.2156599,q,0.0010000000000000005,0.0071999999999999955,-0.002600000000000001,0.0,0.0,0.0,,,,,,,,,,,,,,,
1789282548.249734,q,0.0010000000000000005,0.007399999999999995,-0.002600000000000001,0.0,0.0,0.0,,,,,,,,,,,,,,,
1789282548.2652588,q,0.0010000000000000005,0.007599999999999995,-0.002600000000000001,0.0,0.0,0.0,,,,,,,,,,,,,,,
1789282548.2814424,q,0.0010000000000000005,0.0077999999999999944,-0.002600000000000001,0.0,0.0,0.0,,,,,,,,,,,,,,,
1789282548.2995698,q,0.0010000000000000005,0.007999999999999995,-0.002600000000000001,0.0,0.0,0.0,,,,,,,,,,,,,,,
1789282548.31569,q,0.0010000000000000005,0.008199999999999995,-0.002600000000000001,0.0,0.0,0.0,,,,,,,,,,,,,,,
1789282548.347613,q,0.0010000000000000005,0.008399999999999996,-0.002600000000000001,0.0,0.0,0.0,,,,,,,,,,,,,,,
1789282548.3658607,q,0.0010000000000000005,0.008599999999999997,-0.002600000000000001,0.0,0.0,0.0,,,,,,,,,,,,,,,
1789282548.38141,q,0.0010000000000000005,0.008799999999999997,-0.002600000000000001,0.0,0.0,0.0,,,,,,,,,,,,,,,
1789282548.3996842,q,0.0010000000000000005,0.008999999999999998,-0.002600000000000001,0.0,0.0,0.0,,,,,,,,,,,,,,,
1789282548.430714,q,0.0010000000000000005,0.009199999999999998,-0.002600000000000001,0.0,0.0,0.0,,,,,,,,,,,,,,,
1789282548.449749,q,0.0010000000000000005,0.009399999999999999,-0.002600000000000001,0.0,0.0,0.0,,,,,,,,,,,,,,,
1789282548.4671855,q,0.0010000000000000005,0.0096,-0.002600000000000001,0.0,0.0,0.0,,,,,,,,,,,,,,,
1789282548.4821975,q,0.0010000000000000005,0.0098,-0.002600000000000001,0.0,0.0,0.0,,,,,,,,,,,,,,,
1789282548.4977546,q,0.0010000000000000005,0.01,-0.002600000000000001,0.0,0.0,0.0,,,,,,,,,,,,,,,
1789282548.5314293,q,0.0010000000000000005,0.0102,-0.002600000000000001,0.0,0.0,0.0,,,,,,,,,,,,,,,
1789282548.54901,q,0.0010000000000000005,0.010400000000000001,-0.002600000000000001,0.0,0.0,0.0,,,,,,,,,,,,,,,
1789282548.5642152,q,0.0010000000000000005,0.010600000000000002,-0.002600000000000001,0.0,0.0,0.0,,,,,,,,,,,,,,,
1789282548.579558,q,0.0010000000000000005,0.010800000000000002,-0.002600000000000001,0.0,0.0,0.0,,,,,,,,,,,,,,,
1789282548.6003103,q,0.0010000000000000005,0.011000000000000003,-0.002600000000000001,0.0,0.0,0.0,,,,,,,,,,,,,,,
1789282548.616265,q,0.0010000000000000005,0.011200000000000003,-0.002600000000000001,0.0,0.0,0.0,,,,,,,,,,,,,,,
1789282548.6479201,q,0.0010000000000000005,0.011400000000000004,-0.002600000000000001,0.0,0.0,0.0,,,,,,,,,,,,,,,
1789282548.6656613,q,0.0010000000000000005,0.011600000000000004,-0.002600000000000001,0.0,0.0,0.0,,,,,,,,,,,,,,,
1789282548.6829598,q,0.0010000000000000005,0.011800000000000005,-0.002600000000000001,0.0,0.0,0.0,,,,,,,,,,,,,,,
1789282548.6995249,q,0.0010000000000000005,0.012000000000000005,-0.002600000000000001,0.0,0.0,0.0,,,,,,,,,,,,,,,
1789282548.7308154,q,0.0010000000000000005,0.012200000000000006,-0.002600000000000001,0.0,0.0,0.0,,,,,,,,,,,,,,,
1789282548.7495306,q,0.0010000000000000005,0.012400000000000007,-0.002600000000000001,0.0,0.0,0.0,,,,,,,,,,,,,,,
1789282548.7651858,q,0.0010000000000000005,0.012600000000000007,-0.002600000000000001,0.0,0.0,0.0,,,,,,,,,,,,,,,
1789282548.7804468,q,0.0010000000000000005,0.012800000000000008,-0.002600000000000001,0.0,0.0,0.0,,,,,,,,,,,,,,,
1789282548.795761,q,0.0010000000000000005,0.013000000000000008,-0.002600000000000001,0.0,0.0,0.0,,,,,,,,,,,,,,,
1789282548.8303082,q,0.0010000000000000005,0.013200000000000009,-0.002600000000000001,0.0,0.0,0.0,,,,,,,,,,,,,,,
1789282548.84798,q,0.0010000000000000005,0.013400000000000009,-0.002600000000000001,0.0,0.0,0.0,,,,,,,,,,,,,,,
1789282548.8632164,q,0.0010000000000000005,0.01360000000000001,-0.002600000000000001,0.0,0.0,0.0,,,,,,,,,,,,,,,
1789282548.8822188,q,0.0010000000000000005,0.01380000000000001,-0.002600000000000001,0.0,0.0,0.0,,,,,,,,,,,,,,,
1789282548.8977525,q,0.0010000000000000005,0.01400000000000001,-0.002600000000000001,0.0,0.0,0.0,,,,,,,,,,,,,,,
1789282548.9305904,q,0.0010000000000000005,0.014200000000000011,-0.002600000000000001,0.0,0.0,0.0,,,,,,,,,,,,,,,
1789282548.9460251,q,0.0010000000000000005,0.014400000000000012,-0.002600000000000001,0.0,0.0,0.0,,,,,,,,,,,,,,,
1789282548.9656296,q,0.0010000000000000005,0.014600000000000012,-0.002600000000000001,0.0,0.0,0.0,,,,,,,,,,,,,,,
1789282548.9814975,q,0.0010000000000000005,0.014800000000000013,-0.002600000000000001,0.0,0.0,0.0,,,,,,,,,,,,,,,
1789282548.9982948,q,0.0010000000000000005,0.015000000000000013,-0.002600000000000001,0.0,0.0,0.0,,,,,,,,,,,,,,,
1789282549.0164413,q,0.0010000000000000005,0.015200000000000014,-0.002600000000000001,0.0,0.0,0.0,,,,,,,,,,,,,,,
1789282549.047728,q,0.0010000000000000005,0.015400000000000014,-0.002600000000000001,0.0,0.0,0.0,,,,,,,,,,,,,,,
1789282549.0662308,q,0.0010000000000000005,0.015600000000000015,-0.002600000000000001,0.0,0.0,0.0,,,,,,,,,,,,,,,
1789282549.0850868,q,0.0010000000000000005,0.015800000000000015,-0.002600000000000001,0.0,0.0,0.0,,,,,,,,,,,,,,,
1789282549.1009572,q,0.0010000000000000005,0.016000000000000014,-0.002600000000000001,0.0,0.0,0.0,,,,,,,,,,,,,,,
1789282549.115974,q,0.0010000000000000005,0.016200000000000013,-0.002600000000000001,0.0,0.0,0.0,,,,,,,,,,,,,,,
1789282549.1506186,q,0.0010000000000000005,0.016400000000000012,-0.002600000000000001,0.0,0.0,0.0,,,,,,,,,,,,,,,
1789282549.1661925,q,0.0010000000000000005,0.01660000000000001,-0.002600000000000001,0.0,0.0,0.0,,,,,,,,,,,,,,,
1789282549.182613,q,0.0010000000000000005,0.01680000000000001,-0.002600000000000001,0.0,0.0,0.0,,,,,,,,,,,,,,,
1789282549.1964881,q,0.0010000000000000005,0.017000000000000008,-0.002600000000000001,0.0,0.0,0.0,,,,,,,,,,,,,,,
1789282549.216587,q,0.0010000000000000005,0.017200000000000007,-0.002600000000000001,0.0,0.0,0.0,,,,,,,,,,,,,,,
1789282549.2480648,q,0.0010000000000000005,0.017400000000000006,-0.002600000000000001,0.0,0.0,0.0,,,,,,,,,,,,,,,
1789282549.2648146,q,0.0010000000000000005,0.017600000000000005,-0.002600000000000001,0.0,0.0,0.0,,,,,,,,,,,,,,,
1789282549.2805989,q,0.0010000000000000005,0.017800000000000003,-0.002600000000000001,0.0,0.0,0.0,,,,,,,,,,,,,,,
1789282549.2982981,q,0.0010000000000000005,0.018000000000000002,-0.002600000000000001,0.0,0.0,0.0,,,,,,,,,,,,,,,
1789282549.3305268,q,0.0010000000000000005,0.0182,-0.002600000000000001,0.0,0.0,0.0,,,,,,,,,,,,,,,
1789282549.3482726,q,0.0010000000000000005,0.0184,-0.002600000000000001,0.0,0.0,0.0,,,,,,,,,,,,,,,
1789282549.3642907,q,0.0010000000000000005,0.0186,-0.002600000000000001,0.0,0.0,0.0,,,,,,,,,,,,,,,
1789282549.3833175,q,0.0010000000000000005,0.018799999999999997,-0.002600000000000001,0.0,0.0,0.0,,,,,,,,,,,,,,,
1789282549.3991451,q,0.0010000000000000005,0.018999999999999996,-0.002600000000000001,0.0,0.0,0.0,,,,,,,,,,,,,,,
1789282549.4169118,q,0.0010000000000000005,0.019199999999999995,-0.002600000000000001,0.0,0.0,0.0,,,,,,,,,,,,,,,
1789282549.4502175,q,0.0010000000000000005,0.019399999999999994,-0.002600000000000001,0.0,0.0,0.0,,,,,,,,,,,,,,,
1789282549.4651713,q,0.0010000000000000005,0.019599999999999992,-0.002600000000000001,0.0,0.0,0.0,,,,,,,,,,,,,,,
1789282549.480183,q,0.0010000000000000005,0.01979999999999999,-0.002600000000000001,0.0,0.0,0.0,,,,,,,,,,,,,,,
1789282549.5000658,q,0.0010000000000000005,0.01999999999999999,-0.002600000000000001,0.0,0.0,0.0,,,,,,,,,,,,,,,
1789282549.5160706,q,0.0010000000000000005,0.02019999999999999,-0.002600000000000001,0.0,0.0,0.0,,,,,,,,,,,,,,,
1789282549.5476863,q,0.0010000000000000005,0.020399999999999988,-0.002600000000000001,0.0,0.0,0.0,,,,,,,,,,,,,,,
1789282549.5653877,q,0.0010000000000000005,0.020599999999999986,-0.002600000000000001,0.0,0.0,0.0,,,,,,,,,,,,,,,
1789282549.5993044,q,0.0010000000000000005,0.020799999999999985,-0.002600000000000001,0.0,0.0,0.0,,,,,,,,,,,,,,,
1789282549.5993044,q,0.0010000000000000005,0.020999999999999984,-0.002600000000000001,0.0,0.0,0.0,,,,,,,,,,,,,,,
1789282549.63029,q,0.0010000000000000005,0.021199999999999983,-0.002600000000000001,0.0,0.0,0.0,,,,,,,,,,,,,,,
1789282549.649738,q,0.0010000000000000005,0.02139999999999998,-0.002600000000000001,0.0,0.0,0.0,,,,,,,,,,,,,,,
1789282549.665092,q,0.0010000000000000005,0.02159999999999998,-0.002600000000000001,0.0,0.0,0.0,,,,,,,,,,,,,,,
1789282549.681638,q,0.0010000000000000005,0.02179999999999998,-0.002600000000000001,0.0,0.0,0.0,,,,,,,,,,,,,,,
1789282549.7004251,q,0.0010000000000000005,0.021999999999999978,-0.002600000000000001,0.0,0.0,0.0,,,,,,,,,,,,,,,
1789282549.7316213,q,0.0010000000000000005,0.022199999999999977,-0.002600000000000001,0.0,0.0,0.0,,,,,,,,,,,,,,,
1789282549.7487504,q,0.0010000000000000005,0.022399999999999975,-0.002600000000000001,0.0,0.0,0.0,,,,,,,,,,,,,,,
1789282549.7661917,q,0.0010000000000000005,0.022599999999999974,-0.002600000000000001,0.0,0.0,0.0,,,,,,,,,,,,,,,
1789282549.7825444,q,0.0010000000000000005,0.022799999999999973,-0.002600000000000001,0.0,0.0,0.0,,,,,,,,,,,,,,,
1789282549.8130004,q,0.0010000000000000005,0.022999999999999972,-0.002600000000000001,0.0,0.0,0.0,,,,,,,,,,,,,,,
1789282549.82866,q,0.0010000000000000005,0.02319999999999997,-0.002600000000000001,0.0,0.0,0.0,,,,,,,,,,,,,,,
1789282549.8438947,q,0.0010000000000000005,0.02339999999999997,-0.002600000000000001,0.0,0.0,0.0,,,,,,,,,,,,,,,
1789282549.8655608,q,0.0010000000000000005,0.023599999999999968,-0.002600000000000001,0.0,0.0,0.0,,,,,,,,,,,,,,,
1789282549.8811939,q,0.0010000000000000005,0.023799999999999967,-0.002600000000000001,0.0,0.0,0.0,,,,,,,,,,,,,,,
1789282549.9011931,q,0.0010000000000000005,0.023999999999999966,-0.002600000000000001,0.0,0.0,0.0,,,,,,,,,,,,,,,
1789282549.9295533,q,0.0010000000000000005,0.024199999999999965,-0.002600000000000001,0.0,0.0,0.0,,,,,,,,,,,,,,,
1789282549.949144,q,0.0010000000000000005,0.024399999999999963,-0.002600000000000001,0.0,0.0,0.0,,,,,,,,,,,,,,,
1789282549.9650629,q,0.0010000000000000005,0.024599999999999962,-0.002600000000000001,0.0,0.0,0.0,,,,,,,,,,,,,,,
1789282549.9827518,q,0.0010000000000000005,0.02479999999999996,-0.002600000000000001,0.0,0.0,0.0,,,,,,,,,,,,,,,
1789282550.0004132,q,0.0010000000000000005,0.02499999999999996,-0.002600000000000001,0.0,0.0,0.0,,,,,,,,,,,,,,,
1789282550.0328941,,0.0010000000000000005,0.02499999999999996,-0.002600000000000001,0.0,0.0,0.0,,,,,,,,,,,,,,,
1789282550.0480297,,0.0010000000000000005,0.02499999999999996,-0.002600000000000001,0.0,0.0,0.0,,,,,,,,,,,,,,,
1789282550.0633574,,0.0010000000000000005,0.02499999999999996,-0.002600000000000001,0.0,0.0,0.0,,,,,,,,,,,,,,,
1789282550.0839822,,0.0010000000000000005,0.02499999999999996,-0.002600000000000001,0.0,0.0,0.0,,,,,,,,,,,,,,,
1789282550.1156292,,0.0010000000000000005,0.02499999999999996,-0.002600000000000001,0.0,0.0,0.0,,,,,,,,,,,,,,,
1789282550.1303499,e,0.0010000000000000005,0.02479999999999996,-0.002600000000000001,0.0,0.0,0.0,,,,,,,,,,,,,,,
1789282550.1522837,e,0.0010000000000000005,0.024599999999999962,-0.002600000000000001,0.0,0.0,0.0,,,,,,,,,,,,,,,
1789282550.1680598,e,0.0010000000000000005,0.024399999999999963,-0.002600000000000001,0.0,0.0,0.0,,,,,,,,,,,,,,,
1789282550.1839206,e,0.0010000000000000005,0.024199999999999965,-0.002600000000000001,0.0,0.0,0.0,,,,,,,,,,,,,,,
1789282550.2153506,e,0.0010000000000000005,0.023999999999999966,-0.002600000000000001,0.0,0.0,0.0,,,,,,,,,,,,,,,
1789282550.232489,e,0.0010000000000000005,0.023799999999999967,-0.002600000000000001,0.0,0.0,0.0,,,,,,,,,,,,,,,
1789282550.2493567,e,0.0010000000000000005,0.023599999999999968,-0.002600000000000001,0.0,0.0,0.0,,,,,,,,,,,,,,,
1789282550.2649925,e,0.0010000000000000005,0.02339999999999997,-0.002600000000000001,0.0,0.0,0.0,,,,,,,,,,,,,,,
1789282550.283516,e,0.0010000000000000005,0.02319999999999997,-0.002600000000000001,0.0,0.0,0.0,,,,,,,,,,,,,,,
1789282550.300773,e,0.0010000000000000005,0.022999999999999972,-0.002600000000000001,0.0,0.0,0.0,,,,,,,,,,,,,,,
1789282550.333193,e,0.0010000000000000005,0.022799999999999973,-0.002600000000000001,0.0,0.0,0.0,,,,,,,,,,,,,,,
1789282550.3498087,e,0.0010000000000000005,0.022599999999999974,-0.002600000000000001,0.0,0.0,0.0,,,,,,,,,,,,,,,
1789282550.3654578,e,0.0010000000000000005,0.022399999999999975,-0.002600000000000001,0.0,0.0,0.0,,,,,,,,,,,,,,,
1789282550.3826356,e,0.0010000000000000005,0.022199999999999977,-0.002600000000000001,0.0,0.0,0.0,,,,,,,,,,,,,,,
1789282550.4149842,e,0.0010000000000000005,0.021999999999999978,-0.002600000000000001,0.0,0.0,0.0,,,,,,,,,,,,,,,
1789282550.4340298,e,0.0010000000000000005,0.02179999999999998,-0.002600000000000001,0.0,0.0,0.0,,,,,,,,,,,,,,,
1789282550.449081,e,0.0010000000000000005,0.02159999999999998,-0.002600000000000001,0.0,0.0,0.0,,,,,,,,,,,,,,,
1789282550.4645135,e,0.0010000000000000005,0.02139999999999998,-0.002600000000000001,0.0,0.0,0.0,,,,,,,,,,,,,,,
1789282550.4823124,e,0.0010000000000000005,0.021199999999999983,-0.002600000000000001,0.0,0.0,0.0,,,,,,,,,,,,,,,
1789282550.5139308,e,0.0010000000000000005,0.020999999999999984,-0.002600000000000001,0.0,0.0,0.0,,,,,,,,,,,,,,,
1789282550.5320578,e,0.0010000000000000005,0.020799999999999985,-0.002600000000000001,0.0,0.0,0.0,,,,,,,,,,,,,,,
1789282550.5488317,e,0.0010000000000000005,0.020599999999999986,-0.002600000000000001,0.0,0.0,0.0,,,,,,,,,,,,,,,
1789282550.563835,e,0.0010000000000000005,0.020399999999999988,-0.002600000000000001,0.0,0.0,0.0,,,,,,,,,,,,,,,
1789282550.5949569,e,0.0010000000000000005,0.02019999999999999,-0.002600000000000001,0.0,0.0,0.0,,,,,,,,,,,,,,,
1789282550.6170862,e,0.0010000000000000005,0.01999999999999999,-0.002600000000000001,0.0,0.0,0.0,,,,,,,,,,,,,,,
1789282550.6331317,e,0.0010000000000000005,0.01979999999999999,-0.002600000000000001,0.0,0.0,0.0,,,,,,,,,,,,,,,
1789282550.6483817,e,0.0010000000000000005,0.019599999999999992,-0.002600000000000001,0.0,0.0,0.0,,,,,,,,,,,,,,,
1789282550.66577,e,0.0010000000000000005,0.019399999999999994,-0.002600000000000001,0.0,0.0,0.0,,,,,,,,,,,,,,,
1789282550.6816993,e,0.0010000000000000005,0.019199999999999995,-0.002600000000000001,0.0,0.0,0.0,,,,,,,,,,,,,,,
1789282550.7158656,e,0.0010000000000000005,0.018999999999999996,-0.002600000000000001,0.0,0.0,0.0,,,,,,,,,,,,,,,
1789282550.7313952,e,0.0010000000000000005,0.018799999999999997,-0.002600000000000001,0.0,0.0,0.0,,,,,,,,,,,,,,,
1789282550.748287,e,0.0010000000000000005,0.0186,-0.002600000000000001,0.0,0.0,0.0,,,,,,,,,,,,,,,
1789282550.7661226,e,0.0010000000000000005,0.0184,-0.002600000000000001,0.0,0.0,0.0,,,,,,,,,,,,,,,
1789282550.7818651,e,0.0010000000000000005,0.0182,-0.002600000000000001,0.0,0.0,0.0,,,,,,,,,,,,,,,
1789282550.8142083,e,0.0010000000000000005,0.018000000000000002,-0.002600000000000001,0.0,0.0,0.0,,,,,,,,,,,,,,,
1789282550.829913,e,0.0010000000000000005,0.017800000000000003,-0.002600000000000001,0.0,0.0,0.0,,,,,,,,,,,,,,,
1789282550.8453124,e,0.0010000000000000005,0.017600000000000005,-0.002600000000000001,0.0,0.0,0.0,,,,,,,,,,,,,,,
1789282550.866782,e,0.0010000000000000005,0.017400000000000006,-0.002600000000000001,0.0,0.0,0.0,,,,,,,,,,,,,,,
1789282550.8821485,e,0.0010000000000000005,0.017200000000000007,-0.002600000000000001,0.0,0.0,0.0,,,,,,,,,,,,,,,
1789282550.9001925,e,0.0010000000000000005,0.017000000000000008,-0.002600000000000001,0.0,0.0,0.0,,,,,,,,,,,,,,,
1789282550.9328885,e,0.0010000000000000005,0.01680000000000001,-0.002600000000000001,0.0,0.0,0.0,,,,,,,,,,,,,,,
1789282550.9479918,e,0.0010000000000000005,0.01660000000000001,-0.002600000000000001,0.0,0.0,0.0,,,,,,,,,,,,,,,
1789282550.9636567,e,0.0010000000000000005,0.016400000000000012,-0.002600000000000001,0.0,0.0,0.0,,,,,,,,,,,,,,,
1789282550.9829037,e,0.0010000000000000005,0.016200000000000013,-0.002600000000000001,0.0,0.0,0.0,,,,,,,,,,,,,,,
1789282551.0162728,e,0.0010000000000000005,0.016000000000000014,-0.002600000000000001,0.0,0.0,0.0,,,,,,,,,,,,,,,
1789282551.032957,e,0.0010000000000000005,0.015800000000000015,-0.002600000000000001,0.0,0.0,0.0,,,,,,,,,,,,,,,
1789282551.0488698,e,0.0010000000000000005,0.015600000000000015,-0.002600000000000001,0.0,0.0,0.0,,,,,,,,,,,,,,,
1789282551.063867,e,0.0010000000000000005,0.015400000000000014,-0.002600000000000001,0.0,0.0,0.0,,,,,,,,,,,,,,,
1789282551.0830271,e,0.0010000000000000005,0.015200000000000014,-0.002600000000000001,0.0,0.0,0.0,,,,,,,,,,,,,,,
1789282551.100379,e,0.0010000000000000005,0.015000000000000013,-0.002600000000000001,0.0,0.0,0.0,,,,,,,,,,,,,,,
1789282551.1315475,e,0.0010000000000000005,0.014800000000000013,-0.002600000000000001,0.0,0.0,0.0,,,,,,,,,,,,,,,
1789282551.1467547,e,0.0010000000000000005,0.014600000000000012,-0.002600000000000001,0.0,0.0,0.0,,,,,,,,,,,,,,,
1789282551.1651065,e,0.0010000000000000005,0.014400000000000012,-0.002600000000000001,0.0,0.0,0.0,,,,,,,,,,,,,,,
1789282551.1808136,e,0.0010000000000000005,0.014200000000000011,-0.002600000000000001,0.0,0.0,0.0,,,,,,,,,,,,,,,
1789282551.2126148,e,0.0010000000000000005,0.01400000000000001,-0.002600000000000001,0.0,0.0,0.0,,,,,,,,,,,,,,,
1789282551.228403,e,0.0010000000000000005,0.01380000000000001,-0.002600000000000001,0.0,0.0,0.0,,,,,,,,,,,,,,,
1789282551.2490323,e,0.0010000000000000005,0.01360000000000001,-0.002600000000000001,0.0,0.0,0.0,,,,,,,,,,,,,,,
1789282551.2650638,e,0.0010000000000000005,0.013400000000000009,-0.002600000000000001,0.0,0.0,0.0,,,,,,,,,,,,,,,
1789282551.2828143,e,0.0010000000000000005,0.013200000000000009,-0.002600000000000001,0.0,0.0,0.0,,,,,,,,,,,,,,,
1789282551.3016195,e,0.0010000000000000005,0.013000000000000008,-0.002600000000000001,0.0,0.0,0.0,,,,,,,,,,,,,,,
1789282551.3313491,e,0.0010000000000000005,0.012800000000000008,-0.002600000000000001,0.0,0.0,0.0,,,,,,,,,,,,,,,
1789282551.349636,e,0.0010000000000000005,0.012600000000000007,-0.002600000000000001,0.0,0.0,0.0,,,,,,,,,,,,,,,
1789282551.365295,e,0.0010000000000000005,0.012400000000000007,-0.002600000000000001,0.0,0.0,0.0,,,,,,,,,,,,,,,
1789282551.3830798,e,0.0010000000000000005,0.012200000000000006,-0.002600000000000001,0.0,0.0,0.0,,,,,,,,,,,,,,,
1789282551.4144757,e,0.0010000000000000005,0.012000000000000005,-0.002600000000000001,0.0,0.0,0.0,,,,,,,,,,,,,,,
1789282551.4331136,e,0.0010000000000000005,0.011800000000000005,-0.002600000000000001,0.0,0.0,0.0,,,,,,,,,,,,,,,
1789282551.4485033,e,0.0010000000000000005,0.011600000000000004,-0.002600000000000001,0.0,0.0,0.0,,,,,,,,,,,,,,,
1789282551.463828,e,0.0010000000000000005,0.011400000000000004,-0.002600000000000001,0.0,0.0,0.0,,,,,,,,,,,,,,,
1789282551.481666,e,0.0010000000000000005,0.011200000000000003,-0.002600000000000001,0.0,0.0,0.0,,,,,,,,,,,,,,,
1789282551.5137546,e,0.0010000000000000005,0.011000000000000003,-0.002600000000000001,0.0,0.0,0.0,,,,,,,,,,,,,,,
1789282551.5287666,e,0.0010000000000000005,0.010800000000000002,-0.002600000000000001,0.0,0.0,0.0,,,,,,,,,,,,,,,
1789282551.5486877,e,0.0010000000000000005,0.010600000000000002,-0.002600000000000001,0.0,0.0,0.0,,,,,,,,,,,,,,,
1789282551.5646114,e,0.0010000000000000005,0.010400000000000001,-0.002600000000000001,0.0,0.0,0.0,,,,,,,,,,,,,,,
1789282551.5997138,e,0.0010000000000000005,0.0102,-0.002600000000000001,0.0,0.0,0.0,,,,,,,,,,,,,,,
1789282551.5997138,e,0.0010000000000000005,0.01,-0.002600000000000001,0.0,0.0,0.0,,,,,,,,,,,,,,,
1789282551.6307907,e,0.0010000000000000005,0.0098,-0.002600000000000001,0.0,0.0,0.0,,,,,,,,,,,,,,,
1789282551.6487808,e,0.0010000000000000005,0.0096,-0.002600000000000001,0.0,0.0,0.0,,,,,,,,,,,,,,,
1789282551.6659458,e,0.0010000000000000005,0.009399999999999999,-0.002600000000000001,0.0,0.0,0.0,,,,,,,,,,,,,,,
1789282551.6996007,e,0.0010000000000000005,0.009199999999999998,-0.002600000000000001,0.0,0.0,0.0,,,,,,,,,,,,,,,
1789282551.7144175,e,0.0010000000000000005,0.008999999999999998,-0.002600000000000001,0.0,0.0,0.0,,,,,,,,,,,,,,,
1789282551.729675,e,0.0010000000000000005,0.008799999999999997,-0.002600000000000001,0.0,0.0,0.0,,,,,,,,,,,,,,,
1789282551.748605,e,0.0010000000000000005,0.008599999999999997,-0.002600000000000001,0.0,0.0,0.0,,,,,,,,,,,,,,,
1789282551.7661102,e,0.0010000000000000005,0.008399999999999996,-0.002600000000000001,0.0,0.0,0.0,,,,,,,,,,,,,,,
1789282551.7819347,e,0.0010000000000000005,0.008199999999999995,-0.002600000000000001,0.0,0.0,0.0,,,,,,,,,,,,,,,
1789282551.813756,e,0.0010000000000000005,0.007999999999999995,-0.002600000000000001,0.0,0.0,0.0,,,,,,,,,,,,,,,
1789282551.8325586,e,0.0010000000000000005,0.007799999999999995,-0.002600000000000001,0.0,0.0,0.0,,,,,,,,,,,,,,,
1789282551.8496041,e,0.0010000000000000005,0.007599999999999996,-0.002600000000000001,0.0,0.0,0.0,,,,,,,,,,,,,,,
1789282551.8660872,e,0.0010000000000000005,0.007399999999999996,-0.002600000000000001,0.0,0.0,0.0,,,,,,,,,,,,,,,
1789282551.881396,e,0.0010000000000000005,0.007199999999999996,-0.002600000000000001,0.0,0.0,0.0,,,,,,,,,,,,,,,
1789282551.915093,e,0.0010000000000000005,0.006999999999999997,-0.002600000000000001,0.0,0.0,0.0,,,,,,,,,,,,,,,
1789282551.9328449,e,0.0010000000000000005,0.006799999999999997,-0.002600000000000001,0.0,0.0,0.0,,,,,,,,,,,,,,,
1789282551.9477084,e,0.0010000000000000005,0.006599999999999997,-0.002600000000000001,0.0,0.0,0.0,,,,,,,,,,,,,,,
1789282551.9629388,e,0.0010000000000000005,0.006399999999999998,-0.002600000000000001,0.0,0.0,0.0,,,,,,,,,,,,,,,
1789282551.9829862,e,0.0010000000000000005,0.006199999999999998,-0.002600000000000001,0.0,0.0,0.0,,,,,,,,,,,,,,,
1789282552.0139341,e,0.0010000000000000005,0.005999999999999998,-0.002600000000000001,0.0,0.0,0.0,,,,,,,,,,,,,,,
1789282552.0329723,e,0.0010000000000000005,0.005799999999999999,-0.002600000000000001,0.0,0.0,0.0,,,,,,,,,,,,,,,
1789282552.0485857,e,0.0010000000000000005,0.005599999999999999,-0.002600000000000001,0.0,0.0,0.0,,,,,,,,,,,,,,,
1789282552.0645955,e,0.0010000000000000005,0.005399999999999999,-0.002600000000000001,0.0,0.0,0.0,,,,,,,,,,,,,,,
1789282552.0837944,e,0.0010000000000000005,0.0052,-0.002600000000000001,0.0,0.0,0.0,,,,,,,,,,,,,,,
1789282552.1142113,e,0.0010000000000000005,0.005,-0.002600000000000001,0.0,0.0,0.0,,,,,,,,,,,,,,,
1789282552.132881,e,0.0010000000000000005,0.0048000000000000004,-0.002600000000000001,0.0,0.0,0.0,,,,,,,,,,,,,,,
1789282552.1482265,e,0.0010000000000000005,0.004600000000000001,-0.002600000000000001,0.0,0.0,0.0,,,,,,,,,,,,,,,
1789282552.1632864,e,0.0010000000000000005,0.004400000000000001,-0.002600000000000001,0.0,0.0,0.0,,,,,,,,,,,,,,,
1789282552.1942785,e,0.0010000000000000005,0.0042000000000000015,-0.002600000000000001,0.0,0.0,0.0,,,,,,,,,,,,,,,
1789282552.2018175,e,0.0010000000000000005,0.004000000000000002,-0.002600000000000001,0.0,0.0,0.0,,,,,,,,,,,,,,,
1789282552.2335134,e,0.0010000000000000005,0.0038000000000000017,-0.002600000000000001,0.0,0.0,0.0,,,,,,,,,,,,,,,
1789282552.2501197,e,0.0010000000000000005,0.0036000000000000016,-0.002600000000000001,0.0,0.0,0.0,,,,,,,,,,,,,,,
1789282552.2665083,e,0.0010000000000000005,0.0034000000000000015,-0.002600000000000001,0.0,0.0,0.0,,,,,,,,,,,,,,,
1789282552.2817316,e,0.0010000000000000005,0.0032000000000000015,-0.002600000000000001,0.0,0.0,0.0,,,,,,,,,,,,,,,
1789282552.3160806,e,0.0010000000000000005,0.0030000000000000014,-0.002600000000000001,0.0,0.0,0.0,,,,,,,,,,,,,,,
1789282552.332018,e,0.0010000000000000005,0.0028000000000000013,-0.002600000000000001,0.0,0.0,0.0,,,,,,,,,,,,,,,
1789282552.3473449,e,0.0010000000000000005,0.002600000000000001,-0.002600000000000001,0.0,0.0,0.0,,,,,,,,,,,,,,,
1789282552.3664093,e,0.0010000000000000005,0.002400000000000001,-0.002600000000000001,0.0,0.0,0.0,,,,,,,,,,,,,,,
1789282552.3812137,e,0.0010000000000000005,0.002200000000000001,-0.002600000000000001,0.0,0.0,0.0,,,,,,,,,,,,,,,
1789282552.400476,e,0.0010000000000000005,0.002000000000000001,-0.002600000000000001,0.0,0.0,0.0,,,,,,,,,,,,,,,
1789282552.4324489,e,0.0010000000000000005,0.0018000000000000008,-0.002600000000000001,0.0,0.0,0.0,,,,,,,,,,,,,,,
1789282552.4481986,e,0.0010000000000000005,0.0016000000000000007,-0.002600000000000001,0.0,0.0,0.0,,,,,,,,,,,,,,,
1789282552.4657843,e,0.0010000000000000005,0.0014000000000000006,-0.002600000000000001,0.0,0.0,0.0,,,,,,,,,,,,,,,
1789282552.481452,e,0.0010000000000000005,0.0012000000000000005,-0.002600000000000001,0.0,0.0,0.0,,,,,,,,,,,,,,,
1789282552.515355,e,0.0010000000000000005,0.0010000000000000005,-0.002600000000000001,0.0,0.0,0.0,,,,,,,,,,,,,,,
1789282552.5311847,e,0.0010000000000000005,0.0008000000000000005,-0.002600000000000001,0.0,0.0,0.0,,,,,,,,,,,,,,,
1789282552.5467064,e,0.0010000000000000005,0.0006000000000000005,-0.002600000000000001,0.0,0.0,0.0,,,,,,,,,,,,,,,
1789282552.5622005,e,0.0010000000000000005,0.0004000000000000005,-0.002600000000000001,0.0,0.0,0.0,,,,,,,,,,,,,,,
1789282552.5857573,e,0.0010000000000000005,0.0002000000000000005,-0.002600000000000001,0.0,0.0,0.0,,,,,,,,,,,,,,,
1789282552.6162302,e,0.0010000000000000005,4.87890977618477e-19,-0.002600000000000001,0.0,0.0,0.0,,,,,,,,,,,,,,,
1789282552.6308815,e,0.0010000000000000005,-0.00019999999999999952,-0.002600000000000001,0.0,0.0,0.0,,,,,,,,,,,,,,,
1789282552.6466124,e,0.0010000000000000005,-0.00039999999999999953,-0.002600000000000001,0.0,0.0,0.0,,,,,,,,,,,,,,,
1789282552.6653357,e,0.0010000000000000005,-0.0005999999999999995,-0.002600000000000001,0.0,0.0,0.0,,,,,,,,,,,,,,,
1789282552.6829693,e,0.0010000000000000005,-0.0007999999999999995,-0.002600000000000001,0.0,0.0,0.0,,,,,,,,,,,,,,,
1789282552.7153146,e,0.0010000000000000005,-0.0009999999999999996,-0.002600000000000001,0.0,0.0,0.0,,,,,,,,,,,,,,,
1789282552.7310061,e,0.0010000000000000005,-0.0011999999999999997,-0.002600000000000001,0.0,0.0,0.0,,,,,,,,,,,,,,,
1789282552.7483516,e,0.0010000000000000005,-0.0013999999999999998,-0.002600000000000001,0.0,0.0,0.0,,,,,,,,,,,,,,,
1789282552.76632,e,0.0010000000000000005,-0.0015999999999999999,-0.002600000000000001,0.0,0.0,0.0,,,,,,,,,,,,,,,
1789282552.7821922,e,0.0010000000000000005,-0.0018,-0.002600000000000001,0.0,0.0,0.0,,,,,,,,,,,,,,,
1789282552.813885,e,0.0010000000000000005,-0.002,-0.002600000000000001,0.0,0.0,0.0,,,,,,,,,,,,,,,
1789282552.8317847,e,0.0010000000000000005,-0.0022,-0.002600000000000001,0.0,0.0,0.0,,,,,,,,,,,,,,,
1789282552.8492124,e,0.0010000000000000005,-0.0024000000000000002,-0.002600000000000001,0.0,0.0,0.0,,,,,,,,,,,,,,,
1789282552.8653748,e,0.0010000000000000005,-0.0026000000000000003,-0.002600000000000001,0.0,0.0,0.0,,,,,,,,,,,,,,,
1789282552.881065,e,0.0010000000000000005,-0.0028000000000000004,-0.002600000000000001,0.0,0.0,0.0,,,,,,,,,,,,,,,
1789282552.9155288,e,0.0010000000000000005,-0.0030000000000000005,-0.002600000000000001,0.0,0.0,0.0,,,,,,,,,,,,,,,
1789282552.931912,e,0.0010000000000000005,-0.0032000000000000006,-0.002600000000000001,0.0,0.0,0.0,,,,,,,,,,,,,,,
1789282552.9474132,e,0.0010000000000000005,-0.0034000000000000007,-0.002600000000000001,0.0,0.0,0.0,,,,,,,,,,,,,,,
1789282552.9634552,e,0.0010000000000000005,-0.0036000000000000008,-0.002600000000000001,0.0,0.0,0.0,,,,,,,,,,,,,,,
1789282552.9816709,e,0.0010000000000000005,-0.003800000000000001,-0.002600000000000001,0.0,0.0,0.0,,,,,,,,,,,,,,,
1789282553.013897,e,0.0010000000000000005,-0.004000000000000001,-0.002600000000000001,0.0,0.0,0.0,,,,,,,,,,,,,,,
1789282553.0329669,e,0.0010000000000000005,-0.004200000000000001,-0.002600000000000001,0.0,0.0,0.0,,,,,,,,,,,,,,,
1789282553.0483763,e,0.0010000000000000005,-0.0044,-0.002600000000000001,0.0,0.0,0.0,,,,,,,,,,,,,,,
1789282553.063619,e,0.0010000000000000005,-0.0046,-0.002600000000000001,0.0,0.0,0.0,,,,,,,,,,,,,,,
1789282553.0828512,e,0.0010000000000000005,-0.0048,-0.002600000000000001,0.0,0.0,0.0,,,,,,,,,,,,,,,
1789282553.1004903,e,0.0010000000000000005,-0.004999999999999999,-0.002600000000000001,0.0,0.0,0.0,,,,,,,,,,,,,,,
1789282553.1316147,e,0.0010000000000000005,-0.005199999999999999,-0.002600000000000001,0.0,0.0,0.0,,,,,,,,,,,,,,,
1789282553.1470394,e,0.0010000000000000005,-0.0053999999999999986,-0.002600000000000001,0.0,0.0,0.0,,,,,,,,,,,,,,,
1789282553.1622193,e,0.0010000000000000005,-0.005599999999999998,-0.002600000000000001,0.0,0.0,0.0,,,,,,,,,,,,,,,
1789282553.1927927,e,0.0010000000000000005,-0.005799999999999998,-0.002600000000000001,0.0,0.0,0.0,,,,,,,,,,,,,,,
1789282553.2013576,e,0.0010000000000000005,-0.0059999999999999975,-0.002600000000000001,0.0,0.0,0.0,,,,,,,,,,,,,,,
1789282553.2334368,e,0.0010000000000000005,-0.006199999999999997,-0.002600000000000001,0.0,0.0,0.0,,,,,,,,,,,,,,,
1789282553.2478523,e,0.0010000000000000005,-0.006399999999999997,-0.002600000000000001,0.0,0.0,0.0,,,,,,,,,,,,,,,
1789282553.266689,e,0.0010000000000000005,-0.0065999999999999965,-0.002600000000000001,0.0,0.0,0.0,,,,,,,,,,,,,,,
1789282553.282372,e,0.0010000000000000005,-0.006799999999999996,-0.002600000000000001,0.0,0.0,0.0,,,,,,,,,,,,,,,
1789282553.3129354,e,0.0010000000000000005,-0.006999999999999996,-0.002600000000000001,0.0,0.0,0.0,,,,,,,,,,,,,,,
1789282553.3313472,e,0.0010000000000000005,-0.0071999999999999955,-0.002600000000000001,0.0,0.0,0.0,,,,,,,,,,,,,,,
1789282553.346519,e,0.0010000000000000005,-0.007399999999999995,-0.002600000000000001,0.0,0.0,0.0,,,,,,,,,,,,,,,
1789282553.3618352,e,0.0010000000000000005,-0.007599999999999995,-0.002600000000000001,0.0,0.0,0.0,,,,,,,,,,,,,,,
1789282553.400779,e,0.0010000000000000005,-0.0077999999999999944,-0.002600000000000001,0.0,0.0,0.0,,,,,,,,,,,,,,,
1789282553.4012997,e,0.0010000000000000005,-0.007999999999999995,-0.002600000000000001,0.0,0.0,0.0,,,,,,,,,,,,,,,
1789282553.431696,e,0.0010000000000000005,-0.008199999999999995,-0.002600000000000001,0.0,0.0,0.0,,,,,,,,,,,,,,,
1789282553.4476879,e,0.0010000000000000005,-0.008399999999999996,-0.002600000000000001,0.0,0.0,0.0,,,,,,,,,,,,,,,
1789282553.4655626,e,0.0010000000000000005,-0.008599999999999997,-0.002600000000000001,0.0,0.0,0.0,,,,,,,,,,,,,,,
1789282553.4826803,e,0.0010000000000000005,-0.008799999999999997,-0.002600000000000001,0.0,0.0,0.0,,,,,,,,,,,,,,,
1789282553.512329,q,0.0010000000000000005,-0.008599999999999997,-0.002600000000000001,0.0,0.0,0.0,,,,,,,,,,,,,,,
1789282553.5276318,q,0.0010000000000000005,-0.008399999999999996,-0.002600000000000001,0.0,0.0,0.0,,,,,,,,,,,,,,,
1789282553.5431702,q,0.0010000000000000005,-0.008199999999999995,-0.002600000000000001,0.0,0.0,0.0,,,,,,,,,,,,,,,
1789282553.5661714,q,0.0010000000000000005,-0.007999999999999995,-0.002600000000000001,0.0,0.0,0.0,,,,,,,,,,,,,,,
1789282553.581744,q,0.0010000000000000005,-0.007799999999999995,-0.002600000000000001,0.0,0.0,0.0,,,,,,,,,,,,,,,
1789282553.6157448,q,0.0010000000000000005,-0.007599999999999996,-0.002600000000000001,0.0,0.0,0.0,,,,,,,,,,,,,,,
1789282553.6314714,q,0.0010000000000000005,-0.007399999999999996,-0.002600000000000001,0.0,0.0,0.0,,,,,,,,,,,,,,,
1789282553.647588,q,0.0010000000000000005,-0.007199999999999996,-0.002600000000000001,0.0,0.0,0.0,,,,,,,,,,,,,,,
1789282553.6636877,q,0.0010000000000000005,-0.006999999999999997,-0.002600000000000001,0.0,0.0,0.0,,,,,,,,,,,,,,,
1789282553.700227,q,0.0010000000000000005,-0.006799999999999997,-0.002600000000000001,0.0,0.0,0.0,,,,,,,,,,,,,,,
1789282553.7162223,q,0.0010000000000000005,-0.006599999999999997,-0.002600000000000001,0.0,0.0,0.0,,,,,,,,,,,,,,,
1789282553.7315767,q,0.0010000000000000005,-0.006399999999999998,-0.002600000000000001,0.0,0.0,0.0,,,,,,,,,,,,,,,
1789282553.7475975,q,0.0010000000000000005,-0.006199999999999998,-0.002600000000000001,0.0,0.0,0.0,,,,,,,,,,,,,,,
1789282553.765657,q,0.0010000000000000005,-0.005999999999999998,-0.002600000000000001,0.0,0.0,0.0,,,,,,,,,,,,,,,
1789282553.7831323,q,0.0010000000000000005,-0.005799999999999999,-0.002600000000000001,0.0,0.0,0.0,,,,,,,,,,,,,,,
1789282553.8140976,q,0.0010000000000000005,-0.005599999999999999,-0.002600000000000001,0.0,0.0,0.0,,,,,,,,,,,,,,,
1789282553.8295884,q,0.0010000000000000005,-0.005399999999999999,-0.002600000000000001,0.0,0.0,0.0,,,,,,,,,,,,,,,
1789282553.8484082,q,0.0010000000000000005,-0.0052,-0.002600000000000001,0.0,0.0,0.0,,,,,,,,,,,,,,,
1789282553.8637688,q,0.0010000000000000005,-0.005,-0.002600000000000001,0.0,0.0,0.0,,,,,,,,,,,,,,,
1789282553.8948452,q,0.0010000000000000005,-0.0048000000000000004,-0.002600000000000001,0.0,0.0,0.0,,,,,,,,,,,,,,,
1789282553.9108636,q,0.0010000000000000005,-0.004600000000000001,-0.002600000000000001,0.0,0.0,0.0,,,,,,,,,,,,,,,
1789282553.9320686,q,0.0010000000000000005,-0.004400000000000001,-0.002600000000000001,0.0,0.0,0.0,,,,,,,,,,,,,,,
1789282553.950624,q,0.0010000000000000005,-0.0042000000000000015,-0.002600000000000001,0.0,0.0,0.0,,,,,,,,,,,,,,,
1789282553.967032,q,0.0010000000000000005,-0.004000000000000002,-0.002600000000000001,0.0,0.0,0.0,,,,,,,,,,,,,,,
1789282553.9821358,q,0.0010000000000000005,-0.0038000000000000017,-0.002600000000000001,0.0,0.0,0.0,,,,,,,,,,,,,,,
1789282554.0162752,e,0.0010000000000000005,-0.004000000000000002,-0.002600000000000001,0.0,0.0,0.0,,,,,,,,,,,,,,,
1789282554.0328565,e,0.0010000000000000005,-0.0042000000000000015,-0.002600000000000001,0.0,0.0,0.0,,,,,,,,,,,,,,,
1789282554.0477781,e,0.0010000000000000005,-0.004400000000000001,-0.002600000000000001,0.0,0.0,0.0,,,,,,,,,,,,,,,
1789282554.063347,e,0.0010000000000000005,-0.004600000000000001,-0.002600000000000001,0.0,0.0,0.0,,,,,,,,,,,,,,,
1789282554.083921,e,0.0010000000000000005,-0.0048000000000000004,-0.002600000000000001,0.0,0.0,0.0,,,,,,,,,,,,,,,
1789282554.1148548,e,0.0010000000000000005,-0.005,-0.002600000000000001,0.0,0.0,0.0,,,,,,,,,,,,,,,
1789282554.1298375,e,0.0010000000000000005,-0.0052,-0.002600000000000001,0.0,0.0,0.0,,,,,,,,,,,,,,,
1789282554.155695,e,0.0010000000000000005,-0.005399999999999999,-0.002600000000000001,0.0,0.0,0.0,,,,,,,,,,,,,,,
1789282554.1711168,e+q,0.0010000000000000005,-0.005399999999999999,-0.002600000000000001,0.0,0.0,0.0,,,,,,,,,,,,,,,
1789282554.186356,e+q,0.0010000000000000005,-0.005399999999999999,-0.002600000000000001,0.0,0.0,0.0,,,,,,,,,,,,,,,
1789282554.2148883,e+q,0.0010000000000000005,-0.005399999999999999,-0.002600000000000001,0.0,0.0,0.0,,,,,,,,,,,,,,,
1789282554.231565,e+q,0.0010000000000000005,-0.005399999999999999,-0.002600000000000001,0.0,0.0,0.0,,,,,,,,,,,,,,,
1789282554.2492993,q,0.0010000000000000005,-0.0052,-0.002600000000000001,0.0,0.0,0.0,,,,,,,,,,,,,,,
1789282554.2652805,q,0.0010000000000000005,-0.005,-0.002600000000000001,0.0,0.0,0.0,,,,,,,,,,,,,,,
1789282554.2830584,q,0.0010000000000000005,-0.0048000000000000004,-0.002600000000000001,0.0,0.0,0.0,,,,,,,,,,,,,,,
1789282554.3138747,,0.0010000000000000005,-0.0048000000000000004,-0.002600000000000001,0.0,0.0,0.0,,,,,,,,,,,,,,,
1789282554.3326375,,0.0010000000000000005,-0.0048000000000000004,-0.002600000000000001,0.0,0.0,0.0,,,,,,,,,,,,,,,
1789282554.3487875,,0.0010000000000000005,-0.0048000000000000004,-0.002600000000000001,0.0,0.0,0.0,,,,,,,,,,,,,,,
1789282554.3646302,,0.0010000000000000005,-0.0048000000000000004,-0.002600000000000001,0.0,0.0,0.0,,,,,,,,,,,,,,,
1789282554.3825336,,0.0010000000000000005,-0.0048000000000000004,-0.002600000000000001,0.0,0.0,0.0,,,,,,,,,,,,,,,
1789282554.4141247,,0.0010000000000000005,-0.0048000000000000004,-0.002600000000000001,0.0,0.0,0.0,,,,,,,,,,,,,,,
1789282554.4188583,,0.0010000000000000005,-0.0048000000000000004,-0.002600000000000001,0.0,0.0,0.0,,,,,,,,,,,,,,,
1789282554.4481187,,0.0010000000000000005,-0.0048000000000000004,-0.002600000000000001,0.0,0.0,0.0,,,,,,,,,,,,,,,
1789282554.4651885,,0.0010000000000000005,-0.0048000000000000004,-0.002600000000000001,0.0,0.0,0.0,,,,,,,,,,,,,,,
1789282554.482522,,0.0010000000000000005,-0.0048000000000000004,-0.002600000000000001,0.0,0.0,0.0,,,,,,,,,,,,,,,
1789282554.5144682,,0.0010000000000000005,-0.0048000000000000004,-0.002600000000000001,0.0,0.0,0.0,,,,,,,,,,,,,,,
1789282554.5314863,,0.0010000000000000005,-0.0048000000000000004,-0.002600000000000001,0.0,0.0,0.0,,,,,,,,,,,,,,,
1789282554.5477383,,0.0010000000000000005,-0.0048000000000000004,-0.002600000000000001,0.0,0.0,0.0,,,,,,,,,,,,,,,
1789282554.5641696,,0.0010000000000000005,-0.0048000000000000004,-0.002600000000000001,0.0,0.0,0.0,,,,,,,,,,,,,,,
1789282554.5833836,,0.0010000000000000005,-0.0048000000000000004,-0.002600000000000001,0.0,0.0,0.0,,,,,,,,,,,,,,,
1789282554.6162386,u,0.0010000000000000005,-0.0048000000000000004,-0.002600000000000001,0.0,0.002,0.0,,,,,,,,,,,,,,,
1789282554.6326652,u,0.0010000000000000005,-0.0048000000000000004,-0.002600000000000001,0.0,0.004,0.0,,,,,,,,,,,,,,,
1789282554.6496878,u,0.0010000000000000005,-0.0048000000000000004,-0.002600000000000001,0.0,0.006,0.0,,,,,,,,,,,,,,,
1789282554.6658206,u,0.0010000000000000005,-0.0048000000000000004,-0.002600000000000001,0.0,0.008,0.0,,,,,,,,,,,,,,,
1789282554.700292,u,0.0010000000000000005,-0.0048000000000000004,-0.002600000000000001,0.0,0.01,0.0,,,,,,,,,,,,,,,
1789282554.7168665,u,0.0010000000000000005,-0.0048000000000000004,-0.002600000000000001,0.0,0.012,0.0,,,,,,,,,,,,,,,
1789282554.731758,u,0.0010000000000000005,-0.0048000000000000004,-0.002600000000000001,0.0,0.014,0.0,,,,,,,,,,,,,,,
1789282554.7477567,u,0.0010000000000000005,-0.0048000000000000004,-0.002600000000000001,0.0,0.016,0.0,,,,,,,,,,,,,,,
1789282554.7663817,u,0.0010000000000000005,-0.0048000000000000004,-0.002600000000000001,0.0,0.018000000000000002,0.0,,,,,,,,,,,,,,,
1789282554.783818,u,0.0010000000000000005,-0.0048000000000000004,-0.002600000000000001,0.0,0.020000000000000004,0.0,,,,,,,,,,,,,,,
1789282554.8149893,u,0.0010000000000000005,-0.0048000000000000004,-0.002600000000000001,0.0,0.022000000000000006,0.0,,,,,,,,,,,,,,,
1789282554.8321598,u,0.0010000000000000005,-0.0048000000000000004,-0.002600000000000001,0.0,0.024000000000000007,0.0,,,,,,,,,,,,,,,
1789282554.8496215,u,0.0010000000000000005,-0.0048000000000000004,-0.002600000000000001,0.0,0.02600000000000001,0.0,,,,,,,,,,,,,,,
1789282554.8655913,u,0.0010000000000000005,-0.0048000000000000004,-0.002600000000000001,0.0,0.02800000000000001,0.0,,,,,,,,,,,,,,,
1789282554.8959858,u,0.0010000000000000005,-0.0048000000000000004,-0.002600000000000001,0.0,0.030000000000000013,0.0,,,,,,,,,,,,,,,
1789282554.9166517,u,0.0010000000000000005,-0.0048000000000000004,-0.002600000000000001,0.0,0.032000000000000015,0.0,,,,,,,,,,,,,,,
1789282554.9316618,u,0.0010000000000000005,-0.0048000000000000004,-0.002600000000000001,0.0,0.034000000000000016,0.0,,,,,,,,,,,,,,,
1789282554.9501193,u,0.0010000000000000005,-0.0048000000000000004,-0.002600000000000001,0.0,0.03600000000000002,0.0,,,,,,,,,,,,,,,
1789282554.9652724,u,0.0010000000000000005,-0.0048000000000000004,-0.002600000000000001,0.0,0.03800000000000002,0.0,,,,,,,,,,,,,,,
1789282554.9834213,u,0.0010000000000000005,-0.0048000000000000004,-0.002600000000000001,0.0,0.04000000000000002,0.0,,,,,,,,,,,,,,,
1789282555.0176244,u,0.0010000000000000005,-0.0048000000000000004,-0.002600000000000001,0.0,0.04200000000000002,0.0,,,,,,,,,,,,,,,
1789282555.0325265,u,0.0010000000000000005,-0.0048000000000000004,-0.002600000000000001,0.0,0.044000000000000025,0.0,,,,,,,,,,,,,,,
1789282555.050291,u,0.0010000000000000005,-0.0048000000000000004,-0.002600000000000001,0.0,0.04600000000000003,0.0,,,,,,,,,,,,,,,
1789282555.0656044,u,0.0010000000000000005,-0.0048000000000000004,-0.002600000000000001,0.0,0.04800000000000003,0.0,,,,,,,,,,,,,,,
1789282555.0883076,u,0.0010000000000000005,-0.0048000000000000004,-0.002600000000000001,0.0,0.05000000000000003,0.0,,,,,,,,,,,,,,,
1789282555.1162465,u,0.0010000000000000005,-0.0048000000000000004,-0.002600000000000001,0.0,0.05200000000000003,0.0,,,,,,,,,,,,,,,
1789282555.131985,u,0.0010000000000000005,-0.0048000000000000004,-0.002600000000000001,0.0,0.054000000000000034,0.0,,,,,,,,,,,,,,,
1789282555.147768,u,0.0010000000000000005,-0.0048000000000000004,-0.002600000000000001,0.0,0.056000000000000036,0.0,,,,,,,,,,,,,,,
1789282555.1672401,u,0.0010000000000000005,-0.0048000000000000004,-0.002600000000000001,0.0,0.05800000000000004,0.0,,,,,,,,,,,,,,,
1789282555.1837325,u,0.0010000000000000005,-0.0048000000000000004,-0.002600000000000001,0.0,0.06000000000000004,0.0,,,,,,,,,,,,,,,
1789282555.202343,u,0.0010000000000000005,-0.0048000000000000004,-0.002600000000000001,0.0,0.06200000000000004,0.0,,,,,,,,,,,,,,,
1789282555.2326736,u,0.0010000000000000005,-0.0048000000000000004,-0.002600000000000001,0.0,0.06400000000000004,0.0,,,,,,,,,,,,,,,
1789282555.248408,u,0.0010000000000000005,-0.0048000000000000004,-0.002600000000000001,0.0,0.06600000000000004,0.0,,,,,,,,,,,,,,,
1789282555.266349,u,0.0010000000000000005,-0.0048000000000000004,-0.002600000000000001,0.0,0.06800000000000005,0.0,,,,,,,,,,,,,,,
1789282555.2820764,u,0.0010000000000000005,-0.0048000000000000004,-0.002600000000000001,0.0,0.07000000000000005,0.0,,,,,,,,,,,,,,,
1789282555.3142314,u,0.0010000000000000005,-0.0048000000000000004,-0.002600000000000001,0.0,0.07200000000000005,0.0,,,,,,,,,,,,,,,
1789282555.3319921,u,0.0010000000000000005,-0.0048000000000000004,-0.002600000000000001,0.0,0.07400000000000005,0.0,,,,,,,,,,,,,,,
1789282555.3478634,u,0.0010000000000000005,-0.0048000000000000004,-0.002600000000000001,0.0,0.07600000000000005,0.0,,,,,,,,,,,,,,,
1789282555.3661504,u,0.0010000000000000005,-0.0048000000000000004,-0.002600000000000001,0.0,0.07800000000000006,0.0,,,,,,,,,,,,,,,
1789282555.381793,u,0.0010000000000000005,-0.0048000000000000004,-0.002600000000000001,0.0,0.08000000000000006,0.0,,,,,,,,,,,,,,,
1789282555.4166696,u,0.0010000000000000005,-0.0048000000000000004,-0.002600000000000001,0.0,0.08200000000000006,0.0,,,,,,,,,,,,,,,
1789282555.4323468,u,0.0010000000000000005,-0.0048000000000000004,-0.002600000000000001,0.0,0.08400000000000006,0.0,,,,,,,,,,,,,,,
1789282555.4480574,u,0.0010000000000000005,-0.0048000000000000004,-0.002600000000000001,0.0,0.08600000000000006,0.0,,,,,,,,,,,,,,,
1789282555.463377,u,0.0010000000000000005,-0.0048000000000000004,-0.002600000000000001,0.0,0.08800000000000006,0.0,,,,,,,,,,,,,,,
1789282555.4969077,u,0.0010000000000000005,-0.0048000000000000004,-0.002600000000000001,0.0,0.09000000000000007,0.0,,,,,,,,,,,,,,,
1789282555.5154593,u,0.0010000000000000005,-0.0048000000000000004,-0.002600000000000001,0.0,0.09200000000000007,0.0,,,,,,,,,,,,,,,
1789282555.5306156,u,0.0010000000000000005,-0.0048000000000000004,-0.002600000000000001,0.0,0.09400000000000007,0.0,,,,,,,,,,,,,,,
1789282555.5462747,u,0.0010000000000000005,-0.0048000000000000004,-0.002600000000000001,0.0,0.09600000000000007,0.0,,,,,,,,,,,,,,,
1789282555.5667434,u,0.0010000000000000005,-0.0048000000000000004,-0.002600000000000001,0.0,0.09800000000000007,0.0,,,,,,,,,,,,,,,
1789282555.582043,u,0.0010000000000000005,-0.0048000000000000004,-0.002600000000000001,0.0,0.10000000000000007,0.0,,,,,,,,,,,,,,,
1789282555.613619,u,0.0010000000000000005,-0.0048000000000000004,-0.002600000000000001,0.0,0.10200000000000008,0.0,,,,,,,,,,,,,,,
1789282555.630723,u,0.0010000000000000005,-0.0048000000000000004,-0.002600000000000001,0.0,0.10400000000000008,0.0,,,,,,,,,,,,,,,
1789282555.6481256,u,0.0010000000000000005,-0.0048000000000000004,-0.002600000000000001,0.0,0.10600000000000008,0.0,,,,,,,,,,,,,,,
1789282555.666613,u,0.0010000000000000005,-0.0048000000000000004,-0.002600000000000001,0.0,0.10800000000000008,0.0,,,,,,,,,,,,,,,
1789282555.6964655,u,0.0010000000000000005,-0.0048000000000000004,-0.002600000000000001,0.0,0.11000000000000008,0.0,,,,,,,,,,,,,,,
1789282555.716327,u,0.0010000000000000005,-0.0048000000000000004,-0.002600000000000001,0.0,0.11200000000000009,0.0,,,,,,,,,,,,,,,
1789282555.7329044,u,0.0010000000000000005,-0.0048000000000000004,-0.002600000000000001,0.0,0.11400000000000009,0.0,,,,,,,,,,,,,,,
1789282555.748878,u,0.0010000000000000005,-0.0048000000000000004,-0.002600000000000001,0.0,0.11600000000000009,0.0,,,,,,,,,,,,,,,
1789282555.7642355,u,0.0010000000000000005,-0.0048000000000000004,-0.002600000000000001,0.0,0.11800000000000009,0.0,,,,,,,,,,,,,,,
1789282555.7822425,u,0.0010000000000000005,-0.0048000000000000004,-0.002600000000000001,0.0,0.12000000000000009,0.0,,,,,,,,,,,,,,,
1789282555.8161983,u,0.0010000000000000005,-0.0048000000000000004,-0.002600000000000001,0.0,0.1220000000000001,0.0,,,,,,,,,,,,,,,
1789282555.8319457,u,0.0010000000000000005,-0.0048000000000000004,-0.002600000000000001,0.0,0.1240000000000001,0.0,,,,,,,,,,,,,,,
1789282555.8480535,u,0.0010000000000000005,-0.0048000000000000004,-0.002600000000000001,0.0,0.12600000000000008,0.0,,,,,,,,,,,,,,,
1789282555.8641703,u,0.0010000000000000005,-0.0048000000000000004,-0.002600000000000001,0.0,0.12800000000000009,0.0,,,,,,,,,,,,,,,
1789282555.8822083,u,0.0010000000000000005,-0.0048000000000000004,-0.002600000000000001,0.0,0.1300000000000001,0.0,,,,,,,,,,,,,,,
1789282555.9150908,u,0.0010000000000000005,-0.0048000000000000004,-0.002600000000000001,0.0,0.1320000000000001,0.0,,,,,,,,,,,,,,,
1789282555.9308438,u,0.0010000000000000005,-0.0048000000000000004,-0.002600000000000001,0.0,0.1340000000000001,0.0,,,,,,,,,,,,,,,
1789282555.94818,u,0.0010000000000000005,-0.0048000000000000004,-0.002600000000000001,0.0,0.1360000000000001,0.0,,,,,,,,,,,,,,,
1789282555.9663858,u,0.0010000000000000005,-0.0048000000000000004,-0.002600000000000001,0.0,0.1380000000000001,0.0,,,,,,,,,,,,,,,
1789282555.9966097,u,0.0010000000000000005,-0.0048000000000000004,-0.002600000000000001,0.0,0.1400000000000001,0.0,,,,,,,,,,,,,,,
1789282556.0154874,u,0.0010000000000000005,-0.0048000000000000004,-0.002600000000000001,0.0,0.1420000000000001,0.0,,,,,,,,,,,,,,,
1789282556.0329263,u,0.0010000000000000005,-0.0048000000000000004,-0.002600000000000001,0.0,0.1440000000000001,0.0,,,,,,,,,,,,,,,
1789282556.0501988,u,0.0010000000000000005,-0.0048000000000000004,-0.002600000000000001,0.0,0.1460000000000001,0.0,,,,,,,,,,,,,,,
1789282556.0649502,u,0.0010000000000000005,-0.0048000000000000004,-0.002600000000000001,0.0,0.1480000000000001,0.0,,,,,,,,,,,,,,,
1789282556.0997188,u,0.0010000000000000005,-0.0048000000000000004,-0.002600000000000001,0.0,0.1500000000000001,0.0,,,,,,,,,,,,,,,
1789282556.1169682,u,0.0010000000000000005,-0.0048000000000000004,-0.002600000000000001,0.0,0.1520000000000001,0.0,,,,,,,,,,,,,,,
1789282556.1324549,u,0.0010000000000000005,-0.0048000000000000004,-0.002600000000000001,0.0,0.1540000000000001,0.0,,,,,,,,,,,,,,,
1789282556.1484387,u,0.0010000000000000005,-0.0048000000000000004,-0.002600000000000001,0.0,0.1560000000000001,0.0,,,,,,,,,,,,,,,
1789282556.1651368,u,0.0010000000000000005,-0.0048000000000000004,-0.002600000000000001,0.0,0.1580000000000001,0.0,,,,,,,,,,,,,,,
1789282556.18368,u,0.0010000000000000005,-0.0048000000000000004,-0.002600000000000001,0.0,0.16000000000000011,0.0,,,,,,,,,,,,,,,
1789282556.202629,u,0.0010000000000000005,-0.0048000000000000004,-0.002600000000000001,0.0,0.16200000000000012,0.0,,,,,,,,,,,,,,,
1789282556.2335904,u,0.0010000000000000005,-0.0048000000000000004,-0.002600000000000001,0.0,0.16400000000000012,0.0,,,,,,,,,,,,,,,
1789282556.2496588,u,0.0010000000000000005,-0.0048000000000000004,-0.002600000000000001,0.0,0.16600000000000012,0.0,,,,,,,,,,,,,,,
1789282556.266564,u,0.0010000000000000005,-0.0048000000000000004,-0.002600000000000001,0.0,0.16800000000000012,0.0,,,,,,,,,,,,,,,
1789282556.2831228,u,0.0010000000000000005,-0.0048000000000000004,-0.002600000000000001,0.0,0.17000000000000012,0.0,,,,,,,,,,,,,,,
1789282556.314348,u,0.0010000000000000005,-0.0048000000000000004,-0.002600000000000001,0.0,0.17200000000000013,0.0,,,,,,,,,,,,,,,
1789282556.3316386,u,0.0010000000000000005,-0.0048000000000000004,-0.002600000000000001,0.0,0.17400000000000013,0.0,,,,,,,,,,,,,,,
1789282556.3491309,u,0.0010000000000000005,-0.0048000000000000004,-0.002600000000000001,0.0,0.17600000000000013,0.0,,,,,,,,,,,,,,,
1789282556.3663282,u,0.0010000000000000005,-0.0048000000000000004,-0.002600000000000001,0.0,0.17800000000000013,0.0,,,,,,,,,,,,,,,
1789282556.3969562,u,0.0010000000000000005,-0.0048000000000000004,-0.002600000000000001,0.0,0.18000000000000013,0.0,,,,,,,,,,,,,,,
1789282556.4150996,u,0.0010000000000000005,-0.0048000000000000004,-0.002600000000000001,0.0,0.18200000000000013,0.0,,,,,,,,,,,,,,,
1789282556.431546,u,0.0010000000000000005,-0.0048000000000000004,-0.002600000000000001,0.0,0.18400000000000014,0.0,,,,,,,,,,,,,,,
1789282556.4466634,u,0.0010000000000000005,-0.0048000000000000004,-0.002600000000000001,0.0,0.18600000000000014,0.0,,,,,,,,,,,,,,,
1789282556.4625475,u,0.0010000000000000005,-0.0048000000000000004,-0.002600000000000001,0.0,0.18800000000000014,0.0,,,,,,,,,,,,,,,
1789282556.482325,u,0.0010000000000000005,-0.0048000000000000004,-0.002600000000000001,0.0,0.19000000000000014,0.0,,,,,,,,,,,,,,,
1789282556.5140045,u,0.0010000000000000005,-0.0048000000000000004,-0.002600000000000001,0.0,0.19200000000000014,0.0,,,,,,,,,,,,,,,
1789282556.5321789,u,0.0010000000000000005,-0.0048000000000000004,-0.002600000000000001,0.0,0.19400000000000014,0.0,,,,,,,,,,,,,,,
1789282556.5482795,u,0.0010000000000000005,-0.0048000000000000004,-0.002600000000000001,0.0,0.19600000000000015,0.0,,,,,,,,,,,,,,,
1789282556.5642855,u,0.0010000000000000005,-0.0048000000000000004,-0.002600000000000001,0.0,0.19800000000000015,0.0,,,,,,,,,,,,,,,
1789282556.5843642,u,0.0010000000000000005,-0.0048000000000000004,-0.002600000000000001,0.0,0.20000000000000015,0.0,,,,,,,,,,,,,,,
1789282556.6156504,u,0.0010000000000000005,-0.0048000000000000004,-0.002600000000000001,0.0,0.20200000000000015,0.0,,,,,,,,,,,,,,,
1789282556.6313007,u,0.0010000000000000005,-0.0048000000000000004,-0.002600000000000001,0.0,0.20400000000000015,0.0,,,,,,,,,,,,,,,
1789282556.6471994,u,0.0010000000000000005,-0.0048000000000000004,-0.002600000000000001,0.0,0.20600000000000016,0.0,,,,,,,,,,,,,,,
1789282556.6629496,u,0.0010000000000000005,-0.0048000000000000004,-0.002600000000000001,0.0,0.20800000000000016,0.0,,,,,,,,,,,,,,,
1789282556.6820526,u,0.0010000000000000005,-0.0048000000000000004,-0.002600000000000001,0.0,0.21000000000000016,0.0,,,,,,,,,,,,,,,
1789282556.7164087,u,0.0010000000000000005,-0.0048000000000000004,-0.002600000000000001,0.0,0.21200000000000016,0.0,,,,,,,,,,,,,,,
1789282556.7312703,u,0.0010000000000000005,-0.0048000000000000004,-0.002600000000000001,0.0,0.21400000000000016,0.0,,,,,,,,,,,,,,,
1789282556.747339,u,0.0010000000000000005,-0.0048000000000000004,-0.002600000000000001,0.0,0.21600000000000016,0.0,,,,,,,,,,,,,,,
1789282556.7652452,u,0.0010000000000000005,-0.0048000000000000004,-0.002600000000000001,0.0,0.21800000000000017,0.0,,,,,,,,,,,,,,,
1789282556.7825813,u,0.0010000000000000005,-0.0048000000000000004,-0.002600000000000001,0.0,0.22000000000000017,0.0,,,,,,,,,,,,,,,
1789282556.81323,u,0.0010000000000000005,-0.0048000000000000004,-0.002600000000000001,0.0,0.22200000000000017,0.0,,,,,,,,,,,,,,,
1789282556.8284204,u,0.0010000000000000005,-0.0048000000000000004,-0.002600000000000001,0.0,0.22400000000000017,0.0,,,,,,,,,,,,,,,
1789282556.8488274,u,0.0010000000000000005,-0.0048000000000000004,-0.002600000000000001,0.0,0.22600000000000017,0.0,,,,,,,,,,,,,,,
1789282556.866379,u,0.0010000000000000005,-0.0048000000000000004,-0.002600000000000001,0.0,0.22800000000000017,0.0,,,,,,,,,,,,,,,
1789282556.882781,u,0.0010000000000000005,-0.0048000000000000004,-0.002600000000000001,0.0,0.23000000000000018,0.0,,,,,,,,,,,,,,,
1789282556.9139097,u,0.0010000000000000005,-0.0048000000000000004,-0.002600000000000001,0.0,0.23200000000000018,0.0,,,,,,,,,,,,,,,
1789282556.9296968,u,0.0010000000000000005,-0.0048000000000000004,-0.002600000000000001,0.0,0.23400000000000018,0.0,,,,,,,,,,,,,,,
1789282556.949666,u,0.0010000000000000005,-0.0048000000000000004,-0.002600000000000001,0.0,0.23600000000000018,0.0,,,,,,,,,,,,,,,
1789282556.9655998,u,0.0010000000000000005,-0.0048000000000000004,-0.002600000000000001,0.0,0.23800000000000018,0.0,,,,,,,,,,,,,,,
1789282556.9832532,u,0.0010000000000000005,-0.0048000000000000004,-0.002600000000000001,0.0,0.24000000000000019,0.0,,,,,,,,,,,,,,,
1789282557.015609,u,0.0010000000000000005,-0.0048000000000000004,-0.002600000000000001,0.0,0.2420000000000002,0.0,,,,,,,,,,,,,,,
1789282557.0326662,u,0.0010000000000000005,-0.0048000000000000004,-0.002600000000000001,0.0,0.2440000000000002,0.0,,,,,,,,,,,,,,,
1789282557.047841,u,0.0010000000000000005,-0.0048000000000000004,-0.002600000000000001,0.0,0.2460000000000002,0.0,,,,,,,,,,,,,,,
1789282557.0662396,u,0.0010000000000000005,-0.0048000000000000004,-0.002600000000000001,0.0,0.2480000000000002,0.0,,,,,,,,,,,,,,,
1789282557.0815666,u,0.0010000000000000005,-0.0048000000000000004,-0.002600000000000001,0.0,0.25000000000000017,0.0,,,,,,,,,,,,,,,
1789282557.1167006,u,0.0010000000000000005,-0.0048000000000000004,-0.002600000000000001,0.0,0.25200000000000017,0.0,,,,,,,,,,,,,,,
1789282557.1321006,u,0.0010000000000000005,-0.0048000000000000004,-0.002600000000000001,0.0,0.25400000000000017,0.0,,,,,,,,,,,,,,,
1789282557.1474907,u,0.0010000000000000005,-0.0048000000000000004,-0.002600000000000001,0.0,0.25600000000000017,0.0,,,,,,,,,,,,,,,
1789282557.167379,u,0.0010000000000000005,-0.0048000000000000004,-0.002600000000000001,0.0,0.2580000000000002,0.0,,,,,,,,,,,,,,,
1789282557.1826956,u,0.0010000000000000005,-0.0048000000000000004,-0.002600000000000001,0.0,0.2600000000000002,0.0,,,,,,,,,,,,,,,
1789282557.2140446,u,0.0010000000000000005,-0.0048000000000000004,-0.002600000000000001,0.0,0.2620000000000002,0.0,,,,,,,,,,,,,,,
1789282557.2320082,u,0.0010000000000000005,-0.0048000000000000004,-0.002600000000000001,0.0,0.2640000000000002,0.0,,,,,,,,,,,,,,,
1789282557.2480965,u,0.0010000000000000005,-0.0048000000000000004,-0.002600000000000001,0.0,0.2660000000000002,0.0,,,,,,,,,,,,,,,
1789282557.2633605,u,0.0010000000000000005,-0.0048000000000000004,-0.002600000000000001,0.0,0.2680000000000002,0.0,,,,,,,,,,,,,,,
1789282557.282955,u,0.0010000000000000005,-0.0048000000000000004,-0.002600000000000001,0.0,0.2700000000000002,0.0,,,,,,,,,,,,,,,
1789282557.3142428,u,0.0010000000000000005,-0.0048000000000000004,-0.002600000000000001,0.0,0.2720000000000002,0.0,,,,,,,,,,,,,,,
1789282557.3319945,u,0.0010000000000000005,-0.0048000000000000004,-0.002600000000000001,0.0,0.2740000000000002,0.0,,,,,,,,,,,,,,,
1789282557.3473094,u,0.0010000000000000005,-0.0048000000000000004,-0.002600000000000001,0.0,0.2760000000000002,0.0,,,,,,,,,,,,,,,
1789282557.362693,u,0.0010000000000000005,-0.0048000000000000004,-0.002600000000000001,0.0,0.2780000000000002,0.0,,,,,,,,,,,,,,,
1789282557.3977494,u,0.0010000000000000005,-0.0048000000000000004,-0.002600000000000001,0.0,0.2800000000000002,0.0,,,,,,,,,,,,,,,
1789282557.4154804,u,0.0010000000000000005,-0.0048000000000000004,-0.002600000000000001,0.0,0.2820000000000002,0.0,,,,,,,,,,,,,,,
1789282557.4312673,u,0.0010000000000000005,-0.0048000000000000004,-0.002600000000000001,0.0,0.2840000000000002,0.0,,,,,,,,,,,,,,,
1789282557.446924,u,0.0010000000000000005,-0.0048000000000000004,-0.002600000000000001,0.0,0.2860000000000002,0.0,,,,,,,,,,,,,,,
1789282557.4651966,u,0.0010000000000000005,-0.0048000000000000004,-0.002600000000000001,0.0,0.2880000000000002,0.0,,,,,,,,,,,,,,,
1789282557.4975953,u,0.0010000000000000005,-0.0048000000000000004,-0.002600000000000001,0.0,0.2900000000000002,0.0,,,,,,,,,,,,,,,
1789282557.5126843,u,0.0010000000000000005,-0.0048000000000000004,-0.002600000000000001,0.0,0.2920000000000002,0.0,,,,,,,,,,,,,,,
1789282557.5315015,u,0.0010000000000000005,-0.0048000000000000004,-0.002600000000000001,0.0,0.2940000000000002,0.0,,,,,,,,,,,,,,,
1789282557.5474954,u,0.0010000000000000005,-0.0048000000000000004,-0.002600000000000001,0.0,0.2960000000000002,0.0,,,,,,,,,,,,,,,
1789282557.5651698,u,0.0010000000000000005,-0.0048000000000000004,-0.002600000000000001,0.0,0.2980000000000002,0.0,,,,,,,,,,,,,,,
1789282557.5976565,u,0.0010000000000000005,-0.0048000000000000004,-0.002600000000000001,0.0,0.3000000000000002,0.0,,,,,,,,,,,,,,,
1789282557.61536,u,0.0010000000000000005,-0.0048000000000000004,-0.002600000000000001,0.0,0.3020000000000002,0.0,,,,,,,,,,,,,,,
1789282557.6321883,u,0.0010000000000000005,-0.0048000000000000004,-0.002600000000000001,0.0,0.3040000000000002,0.0,,,,,,,,,,,,,,,
1789282557.6476698,u,0.0010000000000000005,-0.0048000000000000004,-0.002600000000000001,0.0,0.3060000000000002,0.0,,,,,,,,,,,,,,,
1789282557.6666365,u,0.0010000000000000005,-0.0048000000000000004,-0.002600000000000001,0.0,0.3080000000000002,0.0,,,,,,,,,,,,,,,
1789282557.696473,u,0.0010000000000000005,-0.0048000000000000004,-0.002600000000000001,0.0,0.3100000000000002,0.0,,,,,,,,,,,,,,,
1789282557.7156005,u,0.0010000000000000005,-0.0048000000000000004,-0.002600000000000001,0.0,0.3120000000000002,0.0,,,,,,,,,,,,,,,
1789282557.7323391,u,0.0010000000000000005,-0.0048000000000000004,-0.002600000000000001,0.0,0.3140000000000002,0.0,,,,,,,,,,,,,,,
1789282557.749595,u,0.0010000000000000005,-0.0048000000000000004,-0.002600000000000001,0.0,0.3160000000000002,0.0,,,,,,,,,,,,,,,
1789282557.7656617,u,0.0010000000000000005,-0.0048000000000000004,-0.002600000000000001,0.0,0.3180000000000002,0.0,,,,,,,,,,,,,,,
1789282557.796566,u,0.0010000000000000005,-0.0048000000000000004,-0.002600000000000001,0.0,0.32000000000000023,0.0,,,,,,,,,,,,,,,
1789282557.815522,u,0.0010000000000000005,-0.0048000000000000004,-0.002600000000000001,0.0,0.32200000000000023,0.0,,,,,,,,,,,,,,,
1789282557.8321066,u,0.0010000000000000005,-0.0048000000000000004,-0.002600000000000001,0.0,0.32400000000000023,0.0,,,,,,,,,,,,,,,
1789282557.846985,u,0.0010000000000000005,-0.0048000000000000004,-0.002600000000000001,0.0,0.32600000000000023,0.0,,,,,,,,,,,,,,,
1789282557.862405,u,0.0010000000000000005,-0.0048000000000000004,-0.002600000000000001,0.0,0.32800000000000024,0.0,,,,,,,,,,,,,,,
1789282557.8822978,u,0.0010000000000000005,-0.0048000000000000004,-0.002600000000000001,0.0,0.33000000000000024,0.0,,,,,,,,,,,,,,,
1789282557.914645,u,0.0010000000000000005,-0.0048000000000000004,-0.002600000000000001,0.0,0.33200000000000024,0.0,,,,,,,,,,,,,,,
1789282557.930669,u,0.0010000000000000005,-0.0048000000000000004,-0.002600000000000001,0.0,0.33400000000000024,0.0,,,,,,,,,,,,,,,
1789282557.9483902,u,0.0010000000000000005,-0.0048000000000000004,-0.002600000000000001,0.0,0.33600000000000024,0.0,,,,,,,,,,,,,,,
1789282557.966564,u,0.0010000000000000005,-0.0048000000000000004,-0.002600000000000001,0.0,0.33800000000000024,0.0,,,,,,,,,,,,,,,
1789282557.9829886,u,0.0010000000000000005,-0.0048000000000000004,-0.002600000000000001,0.0,0.34000000000000025,0.0,,,,,,,,,,,,,,,
1789282558.0137362,u,0.0010000000000000005,-0.0048000000000000004,-0.002600000000000001,0.0,0.34200000000000025,0.0,,,,,,,,,,,,,,,
1789282558.0316484,u,0.0010000000000000005,-0.0048000000000000004,-0.002600000000000001,0.0,0.34400000000000025,0.0,,,,,,,,,,,,,,,
1789282558.0485005,u,0.0010000000000000005,-0.0048000000000000004,-0.002600000000000001,0.0,0.34600000000000025,0.0,,,,,,,,,,,,,,,
1789282558.0651329,u,0.0010000000000000005,-0.0048000000000000004,-0.002600000000000001,0.0,0.34800000000000025,0.0,,,,,,,,,,,,,,,
1789282558.096329,u,0.0010000000000000005,-0.0048000000000000004,-0.002600000000000001,0.0,0.35000000000000026,0.0,,,,,,,,,,,,,,,
1789282558.1153576,u,0.0010000000000000005,-0.0048000000000000004,-0.002600000000000001,0.0,0.35200000000000026,0.0,,,,,,,,,,,,,,,
1789282558.1307597,u,0.0010000000000000005,-0.0048000000000000004,-0.002600000000000001,0.0,0.35400000000000026,0.0,,,,,,,,,,,,,,,
1789282558.1495788,u,0.0010000000000000005,-0.0048000000000000004,-0.002600000000000001,0.0,0.35600000000000026,0.0,,,,,,,,,,,,,,,
1789282558.1653206,u,0.0010000000000000005,-0.0048000000000000004,-0.002600000000000001,0.0,0.35800000000000026,0.0,,,,,,,,,,,,,,,
1789282558.182857,u,0.0010000000000000005,-0.0048000000000000004,-0.002600000000000001,0.0,0.36000000000000026,0.0,,,,,,,,,,,,,,,
1789282558.2147312,u,0.0010000000000000005,-0.0048000000000000004,-0.002600000000000001,0.0,0.36200000000000027,0.0,,,,,,,,,,,,,,,
1789282558.2321515,u,0.0010000000000000005,-0.0048000000000000004,-0.002600000000000001,0.0,0.36400000000000027,0.0,,,,,,,,,,,,,,,
1789282558.247644,u,0.0010000000000000005,-0.0048000000000000004,-0.002600000000000001,0.0,0.36600000000000027,0.0,,,,,,,,,,,,,,,
1789282558.263811,u,0.0010000000000000005,-0.0048000000000000004,-0.002600000000000001,0.0,0.36800000000000027,0.0,,,,,,,,,,,,,,,
1789282558.2973475,u,0.0010000000000000005,-0.0048000000000000004,-0.002600000000000001,0.0,0.3700000000000003,0.0,,,,,,,,,,,,,,,
1789282558.3138816,u,0.0010000000000000005,-0.0048000000000000004,-0.002600000000000001,0.0,0.3720000000000003,0.0,,,,,,,,,,,,,,,
1789282558.3293056,u,0.0010000000000000005,-0.0048000000000000004,-0.002600000000000001,0.0,0.3740000000000003,0.0,,,,,,,,,,,,,,,
1789282558.3490071,u,0.0010000000000000005,-0.0048000000000000004,-0.002600000000000001,0.0,0.3760000000000003,0.0,,,,,,,,,,,,,,,
1789282558.3650105,u,0.0010000000000000005,-0.0048000000000000004,-0.002600000000000001,0.0,0.3780000000000003,0.0,,,,,,,,,,,,,,,
1789282558.4001856,u,0.0010000000000000005,-0.0048000000000000004,-0.002600000000000001,0.0,0.3800000000000003,0.0,,,,,,,,,,,,,,,
1789282558.4148774,u,0.0010000000000000005,-0.0048000000000000004,-0.002600000000000001,0.0,0.3820000000000003,0.0,,,,,,,,,,,,,,,
1789282558.4337509,u,0.0010000000000000005,-0.0048000000000000004,-0.002600000000000001,0.0,0.3840000000000003,0.0,,,,,,,,,,,,,,,
1789282558.450247,u,0.0010000000000000005,-0.0048000000000000004,-0.002600000000000001,0.0,0.3860000000000003,0.0,,,,,,,,,,,,,,,
1789282558.4655876,u,0.0010000000000000005,-0.0048000000000000004,-0.002600000000000001,0.0,0.3880000000000003,0.0,,,,,,,,,,,,,,,
1789282558.4986837,u,0.0010000000000000005,-0.0048000000000000004,-0.002600000000000001,0.0,0.3900000000000003,0.0,,,,,,,,,,,,,,,
1789282558.5146542,u,0.0010000000000000005,-0.0048000000000000004,-0.002600000000000001,0.0,0.3920000000000003,0.0,,,,,,,,,,,,,,,
1789282558.5328052,u,0.0010000000000000005,-0.0048000000000000004,-0.002600000000000001,0.0,0.3940000000000003,0.0,,,,,,,,,,,,,,,
1789282558.5485215,u,0.0010000000000000005,-0.0048000000000000004,-0.002600000000000001,0.0,0.3960000000000003,0.0,,,,,,,,,,,,,,,
1789282558.5642092,u,0.0010000000000000005,-0.0048000000000000004,-0.002600000000000001,0.0,0.3980000000000003,0.0,,,,,,,,,,,,,,,
1789282558.5828936,u,0.0010000000000000005,-0.0048000000000000004,-0.002600000000000001,0.0,0.4000000000000003,0.0,,,,,,,,,,,,,,,
1789282558.6148338,,0.0010000000000000005,-0.0048000000000000004,-0.002600000000000001,0.0,0.4000000000000003,0.0,,,,,,,,,,,,,,,
1789282558.6329162,,0.0010000000000000005,-0.0048000000000000004,-0.002600000000000001,0.0,0.4000000000000003,0.0,,,,,,,,,,,,,,,
1789282558.6485934,,0.0010000000000000005,-0.0048000000000000004,-0.002600000000000001,0.0,0.4000000000000003,0.0,,,,,,,,,,,,,,,
1789282558.6637533,,0.0010000000000000005,-0.0048000000000000004,-0.002600000000000001,0.0,0.4000000000000003,0.0,,,,,,,,,,,,,,,
1789282558.6833887,,0.0010000000000000005,-0.0048000000000000004,-0.002600000000000001,0.0,0.4000000000000003,0.0,,,,,,,,,,,,,,,
1789282558.716217,j,0.0010000000000000005,-0.0048000000000000004,-0.002600000000000001,0.0,0.3980000000000003,0.0,,,,,,,,,,,,,,,
1789282558.7319684,j,0.0010000000000000005,-0.0048000000000000004,-0.002600000000000001,0.0,0.3960000000000003,0.0,,,,,,,,,,,,,,,
1789282558.7475233,j,0.0010000000000000005,-0.0048000000000000004,-0.002600000000000001,0.0,0.3940000000000003,0.0,,,,,,,,,,,,,,,
1789282558.765616,j,0.0010000000000000005,-0.0048000000000000004,-0.002600000000000001,0.0,0.3920000000000003,0.0,,,,,,,,,,,,,,,
1789282558.7830455,j,0.0010000000000000005,-0.0048000000000000004,-0.002600000000000001,0.0,0.3900000000000003,0.0,,,,,,,,,,,,,,,
1789282558.8144352,j,0.0010000000000000005,-0.0048000000000000004,-0.002600000000000001,0.0,0.3880000000000003,0.0,,,,,,,,,,,,,,,
1789282558.829837,j,0.0010000000000000005,-0.0048000000000000004,-0.002600000000000001,0.0,0.3860000000000003,0.0,,,,,,,,,,,,,,,
1789282558.8487666,j,0.0010000000000000005,-0.0048000000000000004,-0.002600000000000001,0.0,0.3840000000000003,0.0,,,,,,,,,,,,,,,
1789282558.8662891,j,0.0010000000000000005,-0.0048000000000000004,-0.002600000000000001,0.0,0.3820000000000003,0.0,,,,,,,,,,,,,,,
1789282558.897355,j,0.0010000000000000005,-0.0048000000000000004,-0.002600000000000001,0.0,0.3800000000000003,0.0,,,,,,,,,,,,,,,
1789282558.915207,j,0.0010000000000000005,-0.0048000000000000004,-0.002600000000000001,0.0,0.3780000000000003,0.0,,,,,,,,,,,,,,,
1789282558.9298635,j,0.0010000000000000005,-0.0048000000000000004,-0.002600000000000001,0.0,0.3760000000000003,0.0,,,,,,,,,,,,,,,
1789282558.9453979,j,0.0010000000000000005,-0.0048000000000000004,-0.002600000000000001,0.0,0.3740000000000003,0.0,,,,,,,,,,,,,,,
1789282558.965445,j,0.0010000000000000005,-0.0048000000000000004,-0.002600000000000001,0.0,0.3720000000000003,0.0,,,,,,,,,,,,,,,
1789282558.9832346,j,0.0010000000000000005,-0.0048000000000000004,-0.002600000000000001,0.0,0.3700000000000003,0.0,,,,,,,,,,,,,,,
1789282559.0156443,j,0.0010000000000000005,-0.0048000000000000004,-0.002600000000000001,0.0,0.36800000000000027,0.0,,,,,,,,,,,,,,,
1789282559.0313537,j,0.0010000000000000005,-0.0048000000000000004,-0.002600000000000001,0.0,0.36600000000000027,0.0,,,,,,,,,,,,,,,
1789282559.0467265,j,0.0010000000000000005,-0.0048000000000000004,-0.002600000000000001,0.0,0.36400000000000027,0.0,,,,,,,,,,,,,,,
1789282559.062599,j,0.0010000000000000005,-0.0048000000000000004,-0.002600000000000001,0.0,0.36200000000000027,0.0,,,,,,,,,,,,,,,
1789282559.0929453,j,0.0010000000000000005,-0.0048000000000000004,-0.002600000000000001,0.0,0.36000000000000026,0.0,,,,,,,,,,,,,,,
1789282559.1163082,j,0.0010000000000000005,-0.0048000000000000004,-0.002600000000000001,0.0,0.35800000000000026,0.0,,,,,,,,,,,,,,,
1789282559.1328654,j,0.0010000000000000005,-0.0048000000000000004,-0.002600000000000001,0.0,0.35600000000000026,0.0,,,,,,,,,,,,,,,
1789282559.1490557,j,0.0010000000000000005,-0.0048000000000000004,-0.002600000000000001,0.0,0.35400000000000026,0.0,,,,,,,,,,,,,,,
1789282559.1643002,j,0.0010000000000000005,-0.0048000000000000004,-0.002600000000000001,0.0,0.35200000000000026,0.0,,,,,,,,,,,,,,,
1789282559.1834502,j,0.0010000000000000005,-0.0048000000000000004,-0.002600000000000001,0.0,0.35000000000000026,0.0,,,,,,,,,,,,,,,
1789282559.216401,j,0.0010000000000000005,-0.0048000000000000004,-0.002600000000000001,0.0,0.34800000000000025,0.0,,,,,,,,,,,,,,,
1789282559.232018,j,0.0010000000000000005,-0.0048000000000000004,-0.002600000000000001,0.0,0.34600000000000025,0.0,,,,,,,,,,,,,,,
1789282559.2486403,j,0.0010000000000000005,-0.0048000000000000004,-0.002600000000000001,0.0,0.34400000000000025,0.0,,,,,,,,,,,,,,,
1789282559.264526,j,0.0010000000000000005,-0.0048000000000000004,-0.002600000000000001,0.0,0.34200000000000025,0.0,,,,,,,,,,,,,,,
1789282559.2827451,j,0.0010000000000000005,-0.0048000000000000004,-0.002600000000000001,0.0,0.34000000000000025,0.0,,,,,,,,,,,,,,,
1789282559.3148446,j,0.0010000000000000005,-0.0048000000000000004,-0.002600000000000001,0.0,0.33800000000000024,0.0,,,,,,,,,,,,,,,
1789282559.3337924,j,0.0010000000000000005,-0.0048000000000000004,-0.002600000000000001,0.0,0.33600000000000024,0.0,,,,,,,,,,,,,,,
1789282559.349062,j,0.0010000000000000005,-0.0048000000000000004,-0.002600000000000001,0.0,0.33400000000000024,0.0,,,,,,,,,,,,,,,
1789282559.366585,j,0.0010000000000000005,-0.0048000000000000004,-0.002600000000000001,0.0,0.33200000000000024,0.0,,,,,,,,,,,,,,,
1789282559.3969939,j,0.0010000000000000005,-0.0048000000000000004,-0.002600000000000001,0.0,0.33000000000000024,0.0,,,,,,,,,,,,,,,
1789282559.4161386,j,0.0010000000000000005,-0.0048000000000000004,-0.002600000000000001,0.0,0.32800000000000024,0.0,,,,,,,,,,,,,,,
1789282559.432906,j,0.0010000000000000005,-0.0048000000000000004,-0.002600000000000001,0.0,0.32600000000000023,0.0,,,,,,,,,,,,,,,
1789282559.4484456,j,0.0010000000000000005,-0.0048000000000000004,-0.002600000000000001,0.0,0.32400000000000023,0.0,,,,,,,,,,,,,,,
1789282559.4642968,j,0.0010000000000000005,-0.0048000000000000004,-0.002600000000000001,0.0,0.32200000000000023,0.0,,,,,,,,,,,,,,,
1789282559.4826534,j,0.0010000000000000005,-0.0048000000000000004,-0.002600000000000001,0.0,0.32000000000000023,0.0,,,,,,,,,,,,,,,
1789282559.5149035,j,0.0010000000000000005,-0.0048000000000000004,-0.002600000000000001,0.0,0.3180000000000002,0.0,,,,,,,,,,,,,,,
1789282559.5328503,j,0.0010000000000000005,-0.0048000000000000004,-0.002600000000000001,0.0,0.3160000000000002,0.0,,,,,,,,,,,,,,,
1789282559.5489182,j,0.0010000000000000005,-0.0048000000000000004,-0.002600000000000001,0.0,0.3140000000000002,0.0,,,,,,,,,,,,,,,
1789282559.5648608,j,0.0010000000000000005,-0.0048000000000000004,-0.002600000000000001,0.0,0.3120000000000002,0.0,,,,,,,,,,,,,,,
1789282559.5994108,j,0.0010000000000000005,-0.0048000000000000004,-0.002600000000000001,0.0,0.3100000000000002,0.0,,,,,,,,,,,,,,,
1789282559.6162832,j,0.0010000000000000005,-0.0048000000000000004,-0.002600000000000001,0.0,0.3080000000000002,0.0,,,,,,,,,,,,,,,
1789282559.6317616,j,0.0010000000000000005,-0.0048000000000000004,-0.002600000000000001,0.0,0.3060000000000002,0.0,,,,,,,,,,,,,,,
1789282559.6473587,j,0.0010000000000000005,-0.0048000000000000004,-0.002600000000000001,0.0,0.3040000000000002,0.0,,,,,,,,,,,,,,,
1789282559.6656046,j,0.0010000000000000005,-0.0048000000000000004,-0.002600000000000001,0.0,0.3020000000000002,0.0,,,,,,,,,,,,,,,
1789282559.683687,j,0.0010000000000000005,-0.0048000000000000004,-0.002600000000000001,0.0,0.3000000000000002,0.0,,,,,,,,,,,,,,,
1789282559.7145739,j,0.0010000000000000005,-0.0048000000000000004,-0.002600000000000001,0.0,0.2980000000000002,0.0,,,,,,,,,,,,,,,
1789282559.733237,j,0.0010000000000000005,-0.0048000000000000004,-0.002600000000000001,0.0,0.2960000000000002,0.0,,,,,,,,,,,,,,,
1789282559.7490447,j,0.0010000000000000005,-0.0048000000000000004,-0.002600000000000001,0.0,0.2940000000000002,0.0,,,,,,,,,,,,,,,
1789282559.767309,j,0.0010000000000000005,-0.0048000000000000004,-0.002600000000000001,0.0,0.2920000000000002,0.0,,,,,,,,,,,,,,,
1789282559.7827485,j,0.0010000000000000005,-0.0048000000000000004,-0.002600000000000001,0.0,0.2900000000000002,0.0,,,,,,,,,,,,,,,
1789282559.8032587,j,0.0010000000000000005,-0.0048000000000000004,-0.002600000000000001,0.0,0.2880000000000002,0.0,,,,,,,,,,,,,,,
1789282559.8320284,j,0.0010000000000000005,-0.0048000000000000004,-0.002600000000000001,0.0,0.2860000000000002,0.0,,,,,,,,,,,,,,,
1789282559.8472135,j,0.0010000000000000005,-0.0048000000000000004,-0.002600000000000001,0.0,0.2840000000000002,0.0,,,,,,,,,,,,,,,
1789282559.8662627,j,0.0010000000000000005,-0.0048000000000000004,-0.002600000000000001,0.0,0.2820000000000002,0.0,,,,,,,,,,,,,,,
1789282559.8817606,j,0.0010000000000000005,-0.0048000000000000004,-0.002600000000000001,0.0,0.2800000000000002,0.0,,,,,,,,,,,,,,,
1789282559.916232,j,0.0010000000000000005,-0.0048000000000000004,-0.002600000000000001,0.0,0.2780000000000002,0.0,,,,,,,,,,,,,,,
1789282559.9300086,j,0.0010000000000000005,-0.0048000000000000004,-0.002600000000000001,0.0,0.2760000000000002,0.0,,,,,,,,,,,,,,,
1789282559.9493418,j,0.0010000000000000005,-0.0048000000000000004,-0.002600000000000001,0.0,0.2740000000000002,0.0,,,,,,,,,,,,,,,
1789282559.9646122,j,0.0010000000000000005,-0.0048000000000000004,-0.002600000000000001,0.0,0.2720000000000002,0.0,,,,,,,,,,,,,,,
1789282559.9829245,j,0.0010000000000000005,-0.0048000000000000004,-0.002600000000000001,0.0,0.2700000000000002,0.0,,,,,,,,,,,,,,,
1789282560.0022764,j,0.0010000000000000005,-0.0048000000000000004,-0.002600000000000001,0.0,0.2680000000000002,0.0,,,,,,,,,,,,,,,
1789282560.03174,j,0.0010000000000000005,-0.0048000000000000004,-0.002600000000000001,0.0,0.2660000000000002,0.0,,,,,,,,,,,,,,,
1789282560.047726,j,0.0010000000000000005,-0.0048000000000000004,-0.002600000000000001,0.0,0.2640000000000002,0.0,,,,,,,,,,,,,,,
1789282560.0656881,j,0.0010000000000000005,-0.0048000000000000004,-0.002600000000000001,0.0,0.2620000000000002,0.0,,,,,,,,,,,,,,,
1789282560.0965939,j,0.0010000000000000005,-0.0048000000000000004,-0.002600000000000001,0.0,0.2600000000000002,0.0,,,,,,,,,,,,,,,
1789282560.1155047,j,0.0010000000000000005,-0.0048000000000000004,-0.002600000000000001,0.0,0.2580000000000002,0.0,,,,,,,,,,,,,,,
1789282560.132373,j,0.0010000000000000005,-0.0048000000000000004,-0.002600000000000001,0.0,0.25600000000000017,0.0,,,,,,,,,,,,,,,
1789282560.1486957,j,0.0010000000000000005,-0.0048000000000000004,-0.002600000000000001,0.0,0.25400000000000017,0.0,,,,,,,,,,,,,,,
1789282560.1644855,j,0.0010000000000000005,-0.0048000000000000004,-0.002600000000000001,0.0,0.25200000000000017,0.0,,,,,,,,,,,,,,,
1789282560.1950052,j,0.0010000000000000005,-0.0048000000000000004,-0.002600000000000001,0.0,0.25000000000000017,0.0,,,,,,,,,,,,,,,
1789282560.2165089,j,0.0010000000000000005,-0.0048000000000000004,-0.002600000000000001,0.0,0.24800000000000016,0.0,,,,,,,,,,,,,,,
1789282560.2322273,j,0.0010000000000000005,-0.0048000000000000004,-0.002600000000000001,0.0,0.24600000000000016,0.0,,,,,,,,,,,,,,,
1789282560.2495248,j,0.0010000000000000005,-0.0048000000000000004,-0.002600000000000001,0.0,0.24400000000000016,0.0,,,,,,,,,,,,,,,
1789282560.265597,j,0.0010000000000000005,-0.0048000000000000004,-0.002600000000000001,0.0,0.24200000000000016,0.0,,,,,,,,,,,,,,,
1789282560.282672,j,0.0010000000000000005,-0.0048000000000000004,-0.002600000000000001,0.0,0.24000000000000016,0.0,,,,,,,,,,,,,,,
1789282560.313746,j,0.0010000000000000005,-0.0048000000000000004,-0.002600000000000001,0.0,0.23800000000000016,0.0,,,,,,,,,,,,,,,
1789282560.329331,j,0.0010000000000000005,-0.0048000000000000004,-0.002600000000000001,0.0,0.23600000000000015,0.0,,,,,,,,,,,,,,,
1789282560.3450735,j,0.0010000000000000005,-0.0048000000000000004,-0.002600000000000001,0.0,0.23400000000000015,0.0,,,,,,,,,,,,,,,
1789282560.3643782,j,0.0010000000000000005,-0.0048000000000000004,-0.002600000000000001,0.0,0.23200000000000015,0.0,,,,,,,,,,,,,,,
1789282560.3825355,j,0.0010000000000000005,-0.0048000000000000004,-0.002600000000000001,0.0,0.23000000000000015,0.0,,,,,,,,,,,,,,,
1789282560.4133015,j,0.0010000000000000005,-0.0048000000000000004,-0.002600000000000001,0.0,0.22800000000000015,0.0,,,,,,,,,,,,,,,
1789282560.4288678,j,0.0010000000000000005,-0.0048000000000000004,-0.002600000000000001,0.0,0.22600000000000015,0.0,,,,,,,,,,,,,,,
1789282560.4485838,j,0.0010000000000000005,-0.0048000000000000004,-0.002600000000000001,0.0,0.22400000000000014,0.0,,,,,,,,,,,,,,,
1789282560.463755,j,0.0010000000000000005,-0.0048000000000000004,-0.002600000000000001,0.0,0.22200000000000014,0.0,,,,,,,,,,,,,,,
1789282560.4837453,j,0.0010000000000000005,-0.0048000000000000004,-0.002600000000000001,0.0,0.22000000000000014,0.0,,,,,,,,,,,,,,,
1789282560.513761,j,0.0010000000000000005,-0.0048000000000000004,-0.002600000000000001,0.0,0.21800000000000014,0.0,,,,,,,,,,,,,,,
1789282560.532601,j,0.0010000000000000005,-0.0048000000000000004,-0.002600000000000001,0.0,0.21600000000000014,0.0,,,,,,,,,,,,,,,
1789282560.5558307,j,0.0010000000000000005,-0.0048000000000000004,-0.002600000000000001,0.0,0.21400000000000013,0.0,,,,,,,,,,,,,,,
1789282560.5755198,j,0.0010000000000000005,-0.0048000000000000004,-0.002600000000000001,0.0,0.21200000000000013,0.0,,,,,,,,,,,,,,,
1789282560.590894,j,0.0010000000000000005,-0.0048000000000000004,-0.002600000000000001,0.0,0.21000000000000013,0.0,,,,,,,,,,,,,,,
1789282560.6156118,j,0.0010000000000000005,-0.0048000000000000004,-0.002600000000000001,0.0,0.20800000000000013,0.0,,,,,,,,,,,,,,,
1789282560.6327336,j,0.0010000000000000005,-0.0048000000000000004,-0.002600000000000001,0.0,0.20600000000000013,0.0,,,,,,,,,,,,,,,
1789282560.6485202,j,0.0010000000000000005,-0.0048000000000000004,-0.002600000000000001,0.0,0.20400000000000013,0.0,,,,,,,,,,,,,,,
1789282560.6638556,j,0.0010000000000000005,-0.0048000000000000004,-0.002600000000000001,0.0,0.20200000000000012,0.0,,,,,,,,,,,,,,,
1789282560.6989238,j,0.0010000000000000005,-0.0048000000000000004,-0.002600000000000001,0.0,0.20000000000000012,0.0,,,,,,,,,,,,,,,
1789282560.716334,j,0.0010000000000000005,-0.0048000000000000004,-0.002600000000000001,0.0,0.19800000000000012,0.0,,,,,,,,,,,,,,,
1789282560.7320862,j,0.0010000000000000005,-0.0048000000000000004,-0.002600000000000001,0.0,0.19600000000000012,0.0,,,,,,,,,,,,,,,
1789282560.747946,j,0.0010000000000000005,-0.0048000000000000004,-0.002600000000000001,0.0,0.19400000000000012,0.0,,,,,,,,,,,,,,,
1789282560.765252,j,0.0010000000000000005,-0.0048000000000000004,-0.002600000000000001,0.0,0.19200000000000012,0.0,,,,,,,,,,,,,,,
1789282560.7828171,j,0.0010000000000000005,-0.0048000000000000004,-0.002600000000000001,0.0,0.1900000000000001,0.0,,,,,,,,,,,,,,,
1789282560.816367,j,0.0010000000000000005,-0.0048000000000000004,-0.002600000000000001,0.0,0.1880000000000001,0.0,,,,,,,,,,,,,,,
1789282560.8323114,j,0.0010000000000000005,-0.0048000000000000004,-0.002600000000000001,0.0,0.1860000000000001,0.0,,,,,,,,,,,,,,,
1789282560.8476214,j,0.0010000000000000005,-0.0048000000000000004,-0.002600000000000001,0.0,0.1840000000000001,0.0,,,,,,,,,,,,,,,
1789282560.8658562,j,0.0010000000000000005,-0.0048000000000000004,-0.002600000000000001,0.0,0.1820000000000001,0.0,,,,,,,,,,,,,,,
1789282560.896827,j,0.0010000000000000005,-0.0048000000000000004,-0.002600000000000001,0.0,0.1800000000000001,0.0,,,,,,,,,,,,,,,
1789282560.9157462,j,0.0010000000000000005,-0.0048000000000000004,-0.002600000000000001,0.0,0.1780000000000001,0.0,,,,,,,,,,,,,,,
1789282560.9327703,j,0.0010000000000000005,-0.0048000000000000004,-0.002600000000000001,0.0,0.1760000000000001,0.0,,,,,,,,,,,,,,,
1789282560.9480522,j,0.0010000000000000005,-0.0048000000000000004,-0.002600000000000001,0.0,0.1740000000000001,0.0,,,,,,,,,,,,,,,
1789282560.9633644,j,0.0010000000000000005,-0.0048000000000000004,-0.002600000000000001,0.0,0.1720000000000001,0.0,,,,,,,,,,,,,,,
1789282560.9833887,j,0.0010000000000000005,-0.0048000000000000004,-0.002600000000000001,0.0,0.1700000000000001,0.0,,,,,,,,,,,,,,,
1789282561.0137508,j,0.0010000000000000005,-0.0048000000000000004,-0.002600000000000001,0.0,0.1680000000000001,0.0,,,,,,,,,,,,,,,
1789282561.0297406,j,0.0010000000000000005,-0.0048000000000000004,-0.002600000000000001,0.0,0.1660000000000001,0.0,,,,,,,,,,,,,,,
1789282561.0484946,j,0.0010000000000000005,-0.0048000000000000004,-0.002600000000000001,0.0,0.1640000000000001,0.0,,,,,,,,,,,,,,,
1789282561.0652056,j,0.0010000000000000005,-0.0048000000000000004,-0.002600000000000001,0.0,0.1620000000000001,0.0,,,,,,,,,,,,,,,
1789282561.0963194,j,0.0010000000000000005,-0.0048000000000000004,-0.002600000000000001,0.0,0.1600000000000001,0.0,,,,,,,,,,,,,,,
1789282561.1164298,j,0.0010000000000000005,-0.0048000000000000004,-0.002600000000000001,0.0,0.15800000000000008,0.0,,,,,,,,,,,,,,,
1789282561.1319156,j,0.0010000000000000005,-0.0048000000000000004,-0.002600000000000001,0.0,0.15600000000000008,0.0,,,,,,,,,,,,,,,
1789282561.1471357,j,0.0010000000000000005,-0.0048000000000000004,-0.002600000000000001,0.0,0.15400000000000008,0.0,,,,,,,,,,,,,,,
1789282561.1627843,j,0.0010000000000000005,-0.0048000000000000004,-0.002600000000000001,0.0,0.15200000000000008,0.0,,,,,,,,,,,,,,,
1789282561.2003956,j,0.0010000000000000005,-0.0048000000000000004,-0.002600000000000001,0.0,0.15000000000000008,0.0,,,,,,,,,,,,,,,
1789282561.2146077,j,0.0010000000000000005,-0.0048000000000000004,-0.002600000000000001,0.0,0.14800000000000008,0.0,,,,,,,,,,,,,,,
1789282561.2295296,j,0.0010000000000000005,-0.0048000000000000004,-0.002600000000000001,0.0,0.14600000000000007,0.0,,,,,,,,,,,,,,,
1789282561.2490335,j,0.0010000000000000005,-0.0048000000000000004,-0.002600000000000001,0.0,0.14400000000000007,0.0,,,,,,,,,,,,,,,
1789282561.264951,j,0.0010000000000000005,-0.0048000000000000004,-0.002600000000000001,0.0,0.14200000000000007,0.0,,,,,,,,,,,,,,,
1789282561.2964885,j,0.0010000000000000005,-0.0048000000000000004,-0.002600000000000001,0.0,0.14000000000000007,0.0,,,,,,,,,,,,,,,
1789282561.311907,j,0.0010000000000000005,-0.0048000000000000004,-0.002600000000000001,0.0,0.13800000000000007,0.0,,,,,,,,,,,,,,,
1789282561.3319094,j,0.0010000000000000005,-0.0048000000000000004,-0.002600000000000001,0.0,0.13600000000000007,0.0,,,,,,,,,,,,,,,
1789282561.3489692,j,0.0010000000000000005,-0.0048000000000000004,-0.002600000000000001,0.0,0.13400000000000006,0.0,,,,,,,,,,,,,,,
1789282561.3652115,j,0.0010000000000000005,-0.0048000000000000004,-0.002600000000000001,0.0,0.13200000000000006,0.0,,,,,,,,,,,,,,,
1789282561.3832526,j,0.0010000000000000005,-0.0048000000000000004,-0.002600000000000001,0.0,0.13000000000000006,0.0,,,,,,,,,,,,,,,
1789282561.4167736,j,0.0010000000000000005,-0.0048000000000000004,-0.002600000000000001,0.0,0.12800000000000006,0.0,,,,,,,,,,,,,,,
1789282561.4320438,j,0.0010000000000000005,-0.0048000000000000004,-0.002600000000000001,0.0,0.12600000000000006,0.0,,,,,,,,,,,,,,,
1789282561.448134,j,0.0010000000000000005,-0.0048000000000000004,-0.002600000000000001,0.0,0.12400000000000005,0.0,,,,,,,,,,,,,,,
1789282561.4659886,j,0.0010000000000000005,-0.0048000000000000004,-0.002600000000000001,0.0,0.12200000000000005,0.0,,,,,,,,,,,,,,,
1789282561.4829998,j,0.0010000000000000005,-0.0048000000000000004,-0.002600000000000001,0.0,0.12000000000000005,0.0,,,,,,,,,,,,,,,
1789282561.5148532,j,0.0010000000000000005,-0.0048000000000000004,-0.002600000000000001,0.0,0.11800000000000005,0.0,,,,,,,,,,,,,,,
1789282561.5305057,j,0.0010000000000000005,-0.0048000000000000004,-0.002600000000000001,0.0,0.11600000000000005,0.0,,,,,,,,,,,,,,,
1789282561.5483928,j,0.0010000000000000005,-0.0048000000000000004,-0.002600000000000001,0.0,0.11400000000000005,0.0,,,,,,,,,,,,,,,
1789282561.564172,j,0.0010000000000000005,-0.0048000000000000004,-0.002600000000000001,0.0,0.11200000000000004,0.0,,,,,,,,,,,,,,,
1789282561.5960047,j,0.0010000000000000005,-0.0048000000000000004,-0.002600000000000001,0.0,0.11000000000000004,0.0,,,,,,,,,,,,,,,
1789282561.614677,j,0.0010000000000000005,-0.0048000000000000004,-0.002600000000000001,0.0,0.10800000000000004,0.0,,,,,,,,,,,,,,,
1789282561.6316152,j,0.0010000000000000005,-0.0048000000000000004,-0.002600000000000001,0.0,0.10600000000000004,0.0,,,,,,,,,,,,,,,
1789282561.6485045,j,0.0010000000000000005,-0.0048000000000000004,-0.002600000000000001,0.0,0.10400000000000004,0.0,,,,,,,,,,,,,,,
1789282561.664052,j,0.0010000000000000005,-0.0048000000000000004,-0.002600000000000001,0.0,0.10200000000000004,0.0,,,,,,,,,,,,,,,
1789282561.6832848,j,0.0010000000000000005,-0.0048000000000000004,-0.002600000000000001,0.0,0.10000000000000003,0.0,,,,,,,,,,,,,,,
1789282561.7162833,j,0.0010000000000000005,-0.0048000000000000004,-0.002600000000000001,0.0,0.09800000000000003,0.0,,,,,,,,,,,,,,,
1789282561.7313914,j,0.0010000000000000005,-0.0048000000000000004,-0.002600000000000001,0.0,0.09600000000000003,0.0,,,,,,,,,,,,,,,
1789282561.7463953,j,0.0010000000000000005,-0.0048000000000000004,-0.002600000000000001,0.0,0.09400000000000003,0.0,,,,,,,,,,,,,,,
1789282561.7657108,j,0.0010000000000000005,-0.0048000000000000004,-0.002600000000000001,0.0,0.09200000000000003,0.0,,,,,,,,,,,,,,,
1789282561.7818246,j,0.0010000000000000005,-0.0048000000000000004,-0.002600000000000001,0.0,0.09000000000000002,0.0,,,,,,,,,,,,,,,
1789282561.8146985,j,0.0010000000000000005,-0.0048000000000000004,-0.002600000000000001,0.0,0.08800000000000002,0.0,,,,,,,,,,,,,,,
1789282561.8300667,j,0.0010000000000000005,-0.0048000000000000004,-0.002600000000000001,0.0,0.08600000000000002,0.0,,,,,,,,,,,,,,,
1789282561.8482018,j,0.0010000000000000005,-0.0048000000000000004,-0.002600000000000001,0.0,0.08400000000000002,0.0,,,,,,,,,,,,,,,
1789282561.8668694,j,0.0010000000000000005,-0.0048000000000000004,-0.002600000000000001,0.0,0.08200000000000002,0.0,,,,,,,,,,,,,,,
1789282561.8969233,j,0.0010000000000000005,-0.0048000000000000004,-0.002600000000000001,0.0,0.08000000000000002,0.0,,,,,,,,,,,,,,,
1789282561.914698,j,0.0010000000000000005,-0.0048000000000000004,-0.002600000000000001,0.0,0.07800000000000001,0.0,,,,,,,,,,,,,,,
1789282561.9305058,j,0.0010000000000000005,-0.0048000000000000004,-0.002600000000000001,0.0,0.07600000000000001,0.0,,,,,,,,,,,,,,,
1789282561.9487522,j,0.0010000000000000005,-0.0048000000000000004,-0.002600000000000001,0.0,0.07400000000000001,0.0,,,,,,,,,,,,,,,
1789282561.9640722,j,0.0010000000000000005,-0.0048000000000000004,-0.002600000000000001,0.0,0.07200000000000001,0.0,,,,,,,,,,,,,,,
1789282561.9945874,j,0.0010000000000000005,-0.0048000000000000004,-0.002600000000000001,0.0,0.07,0.0,,,,,,,,,,,,,,,
1789282562.0164113,j,0.0010000000000000005,-0.0048000000000000004,-0.002600000000000001,0.0,0.068,0.0,,,,,,,,,,,,,,,
1789282562.0327227,j,0.0010000000000000005,-0.0048000000000000004,-0.002600000000000001,0.0,0.066,0.0,,,,,,,,,,,,,,,
1789282562.0480473,j,0.0010000000000000005,-0.0048000000000000004,-0.002600000000000001,0.0,0.064,0.0,,,,,,,,,,,,,,,
1789282562.0661988,j,0.0010000000000000005,-0.0048000000000000004,-0.002600000000000001,0.0,0.062,0.0,,,,,,,,,,,,,,,
1789282562.0849037,j,0.0010000000000000005,-0.0048000000000000004,-0.002600000000000001,0.0,0.06,0.0,,,,,,,,,,,,,,,
1789282562.116376,j,0.0010000000000000005,-0.0048000000000000004,-0.002600000000000001,0.0,0.057999999999999996,0.0,,,,,,,,,,,,,,,
1789282562.1322575,j,0.0010000000000000005,-0.0048000000000000004,-0.002600000000000001,0.0,0.055999999999999994,0.0,,,,,,,,,,,,,,,
1789282562.1490464,j,0.0010000000000000005,-0.0048000000000000004,-0.002600000000000001,0.0,0.05399999999999999,0.0,,,,,,,,,,,,,,,
1789282562.166223,j,0.0010000000000000005,-0.0048000000000000004,-0.002600000000000001,0.0,0.05199999999999999,0.0,,,,,,,,,,,,,,,
1789282562.1963668,j,0.0010000000000000005,-0.0048000000000000004,-0.002600000000000001,0.0,0.04999999999999999,0.0,,,,,,,,,,,,,,,
1789282562.2115645,j,0.0010000000000000005,-0.0048000000000000004,-0.002600000000000001,0.0,0.04799999999999999,0.0,,,,,,,,,,,,,,,
1789282562.2268407,j,0.0010000000000000005,-0.0048000000000000004,-0.002600000000000001,0.0,0.045999999999999985,0.0,,,,,,,,,,,,,,,
1789282562.2496617,j,0.0010000000000000005,-0.0048000000000000004,-0.002600000000000001,0.0,0.043999999999999984,0.0,,,,,,,,,,,,,,,
1789282562.2649534,j,0.0010000000000000005,-0.0048000000000000004,-0.002600000000000001,0.0,0.04199999999999998,0.0,,,,,,,,,,,,,,,
1789282562.2833836,j,0.0010000000000000005,-0.0048000000000000004,-0.002600000000000001,0.0,0.03999999999999998,0.0,,,,,,,,,,,,,,,
1789282562.3146884,j,0.0010000000000000005,-0.0048000000000000004,-0.002600000000000001,0.0,0.03799999999999998,0.0,,,,,,,,,,,,,,,
1789282562.331734,j,0.0010000000000000005,-0.0048000000000000004,-0.002600000000000001,0.0,0.035999999999999976,0.0,,,,,,,,,,,,,,,
1789282562.347882,j,0.0010000000000000005,-0.0048000000000000004,-0.002600000000000001,0.0,0.033999999999999975,0.0,,,,,,,,,,,,,,,
1789282562.3631544,j,0.0010000000000000005,-0.0048000000000000004,-0.002600000000000001,0.0,0.03199999999999997,0.0,,,,,,,,,,,,,,,
1789282562.3838618,j,0.0010000000000000005,-0.0048000000000000004,-0.002600000000000001,0.0,0.02999999999999997,0.0,,,,,,,,,,,,,,,
1789282562.415463,j,0.0010000000000000005,-0.0048000000000000004,-0.002600000000000001,0.0,0.02799999999999997,0.0,,,,,,,,,,,,,,,
1789282562.431252,j,0.0010000000000000005,-0.0048000000000000004,-0.002600000000000001,0.0,0.025999999999999968,0.0,,,,,,,,,,,,,,,
1789282562.4491231,j,0.0010000000000000005,-0.0048000000000000004,-0.002600000000000001,0.0,0.023999999999999966,0.0,,,,,,,,,,,,,,,
1789282562.4654384,j,0.0010000000000000005,-0.0048000000000000004,-0.002600000000000001,0.0,0.021999999999999964,0.0,,,,,,,,,,,,,,,
1789282562.4812317,j,0.0010000000000000005,-0.0048000000000000004,-0.002600000000000001,0.0,0.019999999999999962,0.0,,,,,,,,,,,,,,,
1789282562.5147326,j,0.0010000000000000005,-0.0048000000000000004,-0.002600000000000001,0.0,0.01799999999999996,0.0,,,,,,,,,,,,,,,
1789282562.5297325,j,0.0010000000000000005,-0.0048000000000000004,-0.002600000000000001,0.0,0.01599999999999996,0.0,,,,,,,,,,,,,,,
1789282562.5449216,j,0.0010000000000000005,-0.0048000000000000004,-0.002600000000000001,0.0,0.013999999999999959,0.0,,,,,,,,,,,,,,,
1789282562.5665357,j,0.0010000000000000005,-0.0048000000000000004,-0.002600000000000001,0.0,0.011999999999999959,0.0,,,,,,,,,,,,,,,
1789282562.5818603,j,0.0010000000000000005,-0.0048000000000000004,-0.002600000000000001,0.0,0.009999999999999959,0.0,,,,,,,,,,,,,,,
1789282562.6166248,j,0.0010000000000000005,-0.0048000000000000004,-0.002600000000000001,0.0,0.007999999999999959,0.0,,,,,,,,,,,,,,,
1789282562.6322808,j,0.0010000000000000005,-0.0048000000000000004,-0.002600000000000001,0.0,0.0059999999999999585,0.0,,,,,,,,,,,,,,,
1789282562.647988,j,0.0010000000000000005,-0.0048000000000000004,-0.002600000000000001,0.0,0.0039999999999999584,0.0,,,,,,,,,,,,,,,
1789282562.6635168,j,0.0010000000000000005,-0.0048000000000000004,-0.002600000000000001,0.0,0.0019999999999999584,0.0,,,,,,,,,,,,,,,
1789282562.6825883,j,0.0010000000000000005,-0.0048000000000000004,-0.002600000000000001,0.0,-4.163336342344337e-17,0.0,,,,,,,,,,,,,,,
1789282562.7021828,j,0.0010000000000000005,-0.0048000000000000004,-0.002600000000000001,0.0,-0.0020000000000000417,0.0,,,,,,,,,,,,,,,
1789282562.7314546,j,0.0010000000000000005,-0.0048000000000000004,-0.002600000000000001,0.0,-0.004000000000000042,0.0,,,,,,,,,,,,,,,
1789282562.746998,j,0.0010000000000000005,-0.0048000000000000004,-0.002600000000000001,0.0,-0.006000000000000042,0.0,,,,,,,,,,,,,,,
1789282562.7651806,j,0.0010000000000000005,-0.0048000000000000004,-0.002600000000000001,0.0,-0.008000000000000042,0.0,,,,,,,,,,,,,,,
1789282562.7823384,j,0.0010000000000000005,-0.0048000000000000004,-0.002600000000000001,0.0,-0.010000000000000042,0.0,,,,,,,,,,,,,,,
1789282562.8142605,j,0.0010000000000000005,-0.0048000000000000004,-0.002600000000000001,0.0,-0.012000000000000042,0.0,,,,,,,,,,,,,,,
1789282562.8296807,j,0.0010000000000000005,-0.0048000000000000004,-0.002600000000000001,0.0,-0.014000000000000042,0.0,,,,,,,,,,,,,,,
1789282562.8492987,j,0.0010000000000000005,-0.0048000000000000004,-0.002600000000000001,0.0,-0.016000000000000042,0.0,,,,,,,,,,,,,,,
1789282562.8649273,j,0.0010000000000000005,-0.0048000000000000004,-0.002600000000000001,0.0,-0.018000000000000044,0.0,,,,,,,,,,,,,,,
1789282562.8837857,j,0.0010000000000000005,-0.0048000000000000004,-0.002600000000000001,0.0,-0.020000000000000046,0.0,,,,,,,,,,,,,,,
1789282562.9146485,j,0.0010000000000000005,-0.0048000000000000004,-0.002600000000000001,0.0,-0.022000000000000047,0.0,,,,,,,,,,,,,,,
1789282562.930024,j,0.0010000000000000005,-0.0048000000000000004,-0.002600000000000001,0.0,-0.02400000000000005,0.0,,,,,,,,,,,,,,,
1789282562.9488382,j,0.0010000000000000005,-0.0048000000000000004,-0.002600000000000001,0.0,-0.02600000000000005,0.0,,,,,,,,,,,,,,,
1789282562.9663682,,0.0010000000000000005,-0.0048000000000000004,-0.002600000000000001,0.0,-0.02600000000000005,0.0,,,,,,,,,,,,,,,
1789282562.9824865,,0.0010000000000000005,-0.0048000000000000004,-0.002600000000000001,0.0,-0.02600000000000005,0.0,,,,,,,,,,,,,,,
1789282563.0133984,,0.0010000000000000005,-0.0048000000000000004,-0.002600000000000001,0.0,-0.02600000000000005,0.0,,,,,,,,,,,,,,,
1789282563.032047,,0.0010000000000000005,-0.0048000000000000004,-0.002600000000000001,0.0,-0.02600000000000005,0.0,,,,,,,,,,,,,,,
1789282563.0497684,,0.0010000000000000005,-0.0048000000000000004,-0.002600000000000001,0.0,-0.02600000000000005,0.0,,,,,,,,,,,,,,,
1789282563.0662534,,0.0010000000000000005,-0.0048000000000000004,-0.002600000000000001,0.0,-0.02600000000000005,0.0,,,,,,,,,,,,,,,
1789282563.082957,,0.0010000000000000005,-0.0048000000000000004,-0.002600000000000001,0.0,-0.02600000000000005,0.0,,,,,,,,,,,,,,,
1789282563.114251,,0.0010000000000000005,-0.0048000000000000004,-0.002600000000000001,0.0,-0.02600000000000005,0.0,,,,,,,,,,,,,,,
1789282563.1321561,,0.0010000000000000005,-0.0048000000000000004,-0.002600000000000001,0.0,-0.02600000000000005,0.0,,,,,,,,,,,,,,,
1789282563.1495523,,0.0010000000000000005,-0.0048000000000000004,-0.002600000000000001,0.0,-0.02600000000000005,0.0,,,,,,,,,,,,,,,
1789282563.1646407,,0.0010000000000000005,-0.0048000000000000004,-0.002600000000000001,0.0,-0.02600000000000005,0.0,,,,,,,,,,,,,,,
1789282563.1959436,,0.0010000000000000005,-0.0048000000000000004,-0.002600000000000001,0.0,-0.02600000000000005,0.0,,,,,,,,,,,,,,,
1789282563.2166603,,0.0010000000000000005,-0.0048000000000000004,-0.002600000000000001,0.0,-0.02600000000000005,0.0,,,,,,,,,,,,,,,
1789282563.2328691,,0.0010000000000000005,-0.0048000000000000004,-0.002600000000000001,0.0,-0.02600000000000005,0.0,,,,,,,,,,,,,,,
1789282563.2476668,,0.0010000000000000005,-0.0048000000000000004,-0.002600000000000001,0.0,-0.02600000000000005,0.0,,,,,,,,,,,,,,,
1789282563.263104,,0.0010000000000000005,-0.0048000000000000004,-0.002600000000000001,0.0,-0.02600000000000005,0.0,,,,,,,,,,,,,,,
1789282563.28352,,0.0010000000000000005,-0.0048000000000000004,-0.002600000000000001,0.0,-0.02600000000000005,0.0,,,,,,,,,,,,,,,
1789282563.3167565,,0.0010000000000000005,-0.0048000000000000004,-0.002600000000000001,0.0,-0.02600000000000005,0.0,,,,,,,,,,,,,,,
1789282563.3317935,,0.0010000000000000005,-0.0048000000000000004,-0.002600000000000001,0.0,-0.02600000000000005,0.0,,,,,,,,,,,,,,,
1789282563.3471265,i,0.0010000000000000005,-0.0048000000000000004,-0.002600000000000001,0.0,-0.02600000000000005,0.0,,,,,,,,,,,,,,,
1789282563.3662667,i,0.0010000000000000005,-0.0048000000000000004,-0.002600000000000001,0.0,-0.02600000000000005,0.0,,,,,,,,,,,,,,,
1789282563.38233,i,0.0010000000000000005,-0.0048000000000000004,-0.002600000000000001,0.0,-0.02600000000000005,0.0,,,,,,,,,,,,,,,
1789282563.4148383,i,0.0010000000000000005,-0.0048000000000000004,-0.002600000000000001,0.0,-0.02600000000000005,0.0,,,,,,,,,,,,,,,
1789282563.4299917,i,0.0010000000000000005,-0.0048000000000000004,-0.002600000000000001,0.0,-0.02600000000000005,0.0,,,,,,,,,,,,,,,
1789282563.4452834,i,0.0010000000000000005,-0.0048000000000000004,-0.002600000000000001,0.0,-0.02600000000000005,0.0,,,,,,,,,,,,,,,
1789282563.467211,i,0.0010000000000000005,-0.0048000000000000004,-0.002600000000000001,0.0,-0.02600000000000005,0.0,,,,,,,,,,,,,,,
1789282563.4826512,i,0.0010000000000000005,-0.0048000000000000004,-0.002600000000000001,0.0,-0.02600000000000005,0.0,,,,,,,,,,,,,,,
1789282563.5147626,i,0.0010000000000000005,-0.0048000000000000004,-0.002600000000000001,0.0,-0.02600000000000005,0.0,,,,,,,,,,,,,,,
1789282563.5305333,i,0.0010000000000000005,-0.0048000000000000004,-0.002600000000000001,0.0,-0.02600000000000005,0.0,,,,,,,,,,,,,,,
1789282563.5458908,i,0.0010000000000000005,-0.0048000000000000004,-0.002600000000000001,0.0,-0.02600000000000005,0.0,,,,,,,,,,,,,,,
1789282563.5768976,i,0.0010000000000000005,-0.0048000000000000004,-0.002600000000000001,0.0,-0.02600000000000005,0.0,,,,,,,,,,,,,,,
1789282563.5838146,i,0.0010000000000000005,-0.0048000000000000004,-0.002600000000000001,0.0,-0.02600000000000005,0.0,,,,,,,,,,,,,,,
1789282563.6034057,i,0.0010000000000000005,-0.0048000000000000004,-0.002600000000000001,0.0,-0.02600000000000005,0.0,,,,,,,,,,,,,,,
1789282563.632128,i,0.0010000000000000005,-0.0048000000000000004,-0.002600000000000001,0.0,-0.02600000000000005,0.0,,,,,,,,,,,,,,,
1789282563.647771,i,0.0010000000000000005,-0.0048000000000000004,-0.002600000000000001,0.0,-0.02600000000000005,0.0,,,,,,,,,,,,,,,
1789282563.6657054,i,0.0010000000000000005,-0.0048000000000000004,-0.002600000000000001,0.0,-0.02600000000000005,0.0,,,,,,,,,,,,,,,
1789282563.6829736,i,0.0010000000000000005,-0.0048000000000000004,-0.002600000000000001,0.0,-0.02600000000000005,0.0,,,,,,,,,,,,,,,
1789282563.7140214,i,0.0010000000000000005,-0.0048000000000000004,-0.002600000000000001,0.0,-0.02600000000000005,0.0,,,,,,,,,,,,,,,
1789282563.7321541,i,0.0010000000000000005,-0.0048000000000000004,-0.002600000000000001,0.0,-0.02600000000000005,0.0,,,,,,,,,,,,,,,
1789282563.7496936,i,0.0010000000000000005,-0.0048000000000000004,-0.002600000000000001,0.0,-0.02600000000000005,0.0,,,,,,,,,,,,,,,
1789282563.764852,i,0.0010000000000000005,-0.0048000000000000004,-0.002600000000000001,0.0,-0.02600000000000005,0.0,,,,,,,,,,,,,,,
1789282563.7839315,i,0.0010000000000000005,-0.0048000000000000004,-0.002600000000000001,0.0,-0.02600000000000005,0.0,,,,,,,,,,,,,,,
1789282563.815708,i,0.0010000000000000005,-0.0048000000000000004,-0.002600000000000001,0.0,-0.02600000000000005,0.0,,,,,,,,,,,,,,,
1789282563.8337371,i,0.0010000000000000005,-0.0048000000000000004,-0.002600000000000001,0.0,-0.02600000000000005,0.0,,,,,,,,,,,,,,,
1789282563.84907,i,0.0010000000000000005,-0.0048000000000000004,-0.002600000000000001,0.0,-0.02600000000000005,0.0,,,,,,,,,,,,,,,
1789282563.8647327,i,0.0010000000000000005,-0.0048000000000000004,-0.002600000000000001,0.0,-0.02600000000000005,0.0,,,,,,,,,,,,,,,
1789282563.8821514,i,0.0010000000000000005,-0.0048000000000000004,-0.002600000000000001,0.0,-0.02600000000000005,0.0,,,,,,,,,,,,,,,
1789282563.9155285,i,0.0010000000000000005,-0.0048000000000000004,-0.002600000000000001,0.0,-0.02600000000000005,0.0,,,,,,,,,,,,,,,
1789282563.931292,i,0.0010000000000000005,-0.0048000000000000004,-0.002600000000000001,0.0,-0.02600000000000005,0.0,,,,,,,,,,,,,,,
1789282563.948992,i,0.0010000000000000005,-0.0048000000000000004,-0.002600000000000001,0.0,-0.02600000000000005,0.0,,,,,,,,,,,,,,,
1789282563.9656503,i,0.0010000000000000005,-0.0048000000000000004,-0.002600000000000001,0.0,-0.02600000000000005,0.0,,,,,,,,,,,,,,,
1789282563.9964619,i,0.0010000000000000005,-0.0048000000000000004,-0.002600000000000001,0.0,-0.02600000000000005,0.0,,,,,,,,,,,,,,,
1789282564.011971,i,0.0010000000000000005,-0.0048000000000000004,-0.002600000000000001,0.0,-0.02600000000000005,0.0,,,,,,,,,,,,,,,
1789282564.0276825,i,0.0010000000000000005,-0.0048000000000000004,-0.002600000000000001,0.0,-0.02600000000000005,0.0,,,,,,,,,,,,,,,
1789282564.0484242,i,0.0010000000000000005,-0.0048000000000000004,-0.002600000000000001,0.0,-0.02600000000000005,0.0,,,,,,,,,,,,,,,
1789282564.0655181,i,0.0010000000000000005,-0.0048000000000000004,-0.002600000000000001,0.0,-0.02600000000000005,0.0,,,,,,,,,,,,,,,
1789282564.0829542,i,0.0010000000000000005,-0.0048000000000000004,-0.002600000000000001,0.0,-0.02600000000000005,0.0,,,,,,,,,,,,,,,
1789282564.1138446,i,0.0010000000000000005,-0.0048000000000000004,-0.002600000000000001,0.0,-0.02600000000000005,0.0,,,,,,,,,,,,,,,
1789282564.1319706,i,0.0010000000000000005,-0.0048000000000000004,-0.002600000000000001,0.0,-0.02600000000000005,0.0,,,,,,,,,,,,,,,
1789282564.1495497,i,0.0010000000000000005,-0.0048000000000000004,-0.002600000000000001,0.0,-0.02600000000000005,0.0,,,,,,,,,,,,,,,
1789282564.1662323,i,0.0010000000000000005,-0.0048000000000000004,-0.002600000000000001,0.0,-0.02600000000000005,0.0,,,,,,,,,,,,,,,
1789282564.1823237,i,0.0010000000000000005,-0.0048000000000000004,-0.002600000000000001,0.0,-0.02600000000000005,0.0,,,,,,,,,,,,,,,
1789282564.2131577,i,0.0010000000000000005,-0.0048000000000000004,-0.002600000000000001,0.0,-0.02600000000000005,0.0,,,,,,,,,,,,,,,
1789282564.2291315,i,0.0010000000000000005,-0.0048000000000000004,-0.002600000000000001,0.0,-0.02600000000000005,0.0,,,,,,,,,,,,,,,
1789282564.2487776,i,0.0010000000000000005,-0.0048000000000000004,-0.002600000000000001,0.0,-0.02600000000000005,0.0,,,,,,,,,,,,,,,
1789282564.2648995,i,0.0010000000000000005,-0.0048000000000000004,-0.002600000000000001,0.0,-0.02600000000000005,0.0,,,,,,,,,,,,,,,
1789282564.282805,i,0.0010000000000000005,-0.0048000000000000004,-0.002600000000000001,0.0,-0.02600000000000005,0.0,,,,,,,,,,,,,,,
1789282564.3145509,i,0.0010000000000000005,-0.0048000000000000004,-0.002600000000000001,0.0,-0.02600000000000005,0.0,,,,,,,,,,,,,,,
1789282564.332153,i,0.0010000000000000005,-0.0048000000000000004,-0.002600000000000001,0.0,-0.02600000000000005,0.0,,,,,,,,,,,,,,,
1789282564.347796,i,0.0010000000000000005,-0.0048000000000000004,-0.002600000000000001,0.0,-0.02600000000000005,0.0,,,,,,,,,,,,,,,
1789282564.3628283,i,0.0010000000000000005,-0.0048000000000000004,-0.002600000000000001,0.0,-0.02600000000000005,0.0,,,,,,,,,,,,,,,
1789282564.3844995,i,0.0010000000000000005,-0.0048000000000000004,-0.002600000000000001,0.0,-0.02600000000000005,0.0,,,,,,,,,,,,,,,
1789282564.4152615,i,0.0010000000000000005,-0.0048000000000000004,-0.002600000000000001,0.0,-0.02600000000000005,0.0,,,,,,,,,,,,,,,
1789282564.4314616,i,0.0010000000000000005,-0.0048000000000000004,-0.002600000000000001,0.0,-0.02600000000000005,0.0,,,,,,,,,,,,,,,
1789282564.448171,i,0.0010000000000000005,-0.0048000000000000004,-0.002600000000000001,0.0,-0.02600000000000005,0.0,,,,,,,,,,,,,,,
1789282564.4650753,i,0.0010000000000000005,-0.0048000000000000004,-0.002600000000000001,0.0,-0.02600000000000005,0.0,,,,,,,,,,,,,,,
1789282564.4829853,i,0.0010000000000000005,-0.0048000000000000004,-0.002600000000000001,0.0,-0.02600000000000005,0.0,,,,,,,,,,,,,,,
1789282564.5138786,i,0.0010000000000000005,-0.0048000000000000004,-0.002600000000000001,0.0,-0.02600000000000005,0.0,,,,,,,,,,,,,,,
1789282564.5313,i,0.0010000000000000005,-0.0048000000000000004,-0.002600000000000001,0.0,-0.02600000000000005,0.0,,,,,,,,,,,,,,,
1789282564.5470572,i,0.0010000000000000005,-0.0048000000000000004,-0.002600000000000001,0.0,-0.02600000000000005,0.0,,,,,,,,,,,,,,,
1789282564.5634139,i,0.0010000000000000005,-0.0048000000000000004,-0.002600000000000001,0.0,-0.02600000000000005,0.0,,,,,,,,,,,,,,,
1789282564.6002421,i,0.0010000000000000005,-0.0048000000000000004,-0.002600000000000001,0.0,-0.02600000000000005,0.0,,,,,,,,,,,,,,,
1789282564.6164277,i,0.0010000000000000005,-0.0048000000000000004,-0.002600000000000001,0.0,-0.02600000000000005,0.0,,,,,,,,,,,,,,,
1789282564.6318564,i,0.0010000000000000005,-0.0048000000000000004,-0.002600000000000001,0.0,-0.02600000000000005,0.0,,,,,,,,,,,,,,,
1789282564.6469107,i,0.0010000000000000005,-0.0048000000000000004,-0.002600000000000001,0.0,-0.02600000000000005,0.0,,,,,,,,,,,,,,,
1789282564.6657882,i,0.0010000000000000005,-0.0048000000000000004,-0.002600000000000001,0.0,-0.02600000000000005,0.0,,,,,,,,,,,,,,,
1789282564.6827013,i,0.0010000000000000005,-0.0048000000000000004,-0.002600000000000001,0.0,-0.02600000000000005,0.0,,,,,,,,,,,,,,,
1789282564.716352,i,0.0010000000000000005,-0.0048000000000000004,-0.002600000000000001,0.0,-0.02600000000000005,0.0,,,,,,,,,,,,,,,
1789282564.7322867,i,0.0010000000000000005,-0.0048000000000000004,-0.002600000000000001,0.0,-0.02600000000000005,0.0,,,,,,,,,,,,,,,
1789282564.7477586,i,0.0010000000000000005,-0.0048000000000000004,-0.002600000000000001,0.0,-0.02600000000000005,0.0,,,,,,,,,,,,,,,
1789282564.7654963,i,0.0010000000000000005,-0.0048000000000000004,-0.002600000000000001,0.0,-0.02600000000000005,0.0,,,,,,,,,,,,,,,
1789282564.7820086,i,0.0010000000000000005,-0.0048000000000000004,-0.002600000000000001,0.0,-0.02600000000000005,0.0,,,,,,,,,,,,,,,
1789282564.8162262,i,0.0010000000000000005,-0.0048000000000000004,-0.002600000000000001,0.0,-0.02600000000000005,0.0,,,,,,,,,,,,,,,
1789282564.8319201,i,0.0010000000000000005,-0.0048000000000000004,-0.002600000000000001,0.0,-0.02600000000000005,0.0,,,,,,,,,,,,,,,
1789282564.8479257,i,0.0010000000000000005,-0.0048000000000000004,-0.002600000000000001,0.0,-0.02600000000000005,0.0,,,,,,,,,,,,,,,
1789282564.8660464,i,0.0010000000000000005,-0.0048000000000000004,-0.002600000000000001,0.0,-0.02600000000000005,0.0,,,,,,,,,,,,,,,
1789282564.8833206,i,0.0010000000000000005,-0.0048000000000000004,-0.002600000000000001,0.0,-0.02600000000000005,0.0,,,,,,,,,,,,,,,
1789282564.9145598,i,0.0010000000000000005,-0.0048000000000000004,-0.002600000000000001,0.0,-0.02600000000000005,0.0,,,,,,,,,,,,,,,
1789282564.9297047,i,0.0010000000000000005,-0.0048000000000000004,-0.002600000000000001,0.0,-0.02600000000000005,0.0,,,,,,,,,,,,,,,
1789282564.945488,i,0.0010000000000000005,-0.0048000000000000004,-0.002600000000000001,0.0,-0.02600000000000005,0.0,,,,,,,,,,,,,,,
1789282564.9668775,i,0.0010000000000000005,-0.0048000000000000004,-0.002600000000000001,0.0,-0.02600000000000005,0.0,,,,,,,,,,,,,,,
1789282564.9819217,i,0.0010000000000000005,-0.0048000000000000004,-0.002600000000000001,0.0,-0.02600000000000005,0.0,,,,,,,,,,,,,,,
1789282565.015013,i,0.0010000000000000005,-0.0048000000000000004,-0.002600000000000001,0.0,-0.02600000000000005,0.0,,,,,,,,,,,,,,,
1789282565.031925,i,0.0010000000000000005,-0.0048000000000000004,-0.002600000000000001,0.0,-0.02600000000000005,0.0,,,,,,,,,,,,,,,
1789282565.0496757,i,0.0010000000000000005,-0.0048000000000000004,-0.002600000000000001,0.0,-0.02600000000000005,0.0,,,,,,,,,,,,,,,
1789282565.0654984,i,0.0010000000000000005,-0.0048000000000000004,-0.002600000000000001,0.0,-0.02600000000000005,0.0,,,,,,,,,,,,,,,
1789282565.083901,i,0.0010000000000000005,-0.0048000000000000004,-0.002600000000000001,0.0,-0.02600000000000005,0.0,,,,,,,,,,,,,,,
1789282565.1137297,i,0.0010000000000000005,-0.0048000000000000004,-0.002600000000000001,0.0,-0.02600000000000005,0.0,,,,,,,,,,,,,,,
1789282565.129494,i,0.0010000000000000005,-0.0048000000000000004,-0.002600000000000001,0.0,-0.02600000000000005,0.0,,,,,,,,,,,,,,,
1789282565.149474,i,0.0010000000000000005,-0.0048000000000000004,-0.002600000000000001,0.0,-0.02600000000000005,0.0,,,,,,,,,,,,,,,
1789282565.1651125,i,0.0010000000000000005,-0.0048000000000000004,-0.002600000000000001,0.0,-0.02600000000000005,0.0,,,,,,,,,,,,,,,
1789282565.1960723,i,0.0010000000000000005,-0.0048000000000000004,-0.002600000000000001,0.0,-0.02600000000000005,0.0,,,,,,,,,,,,,,,
1789282565.211747,i,0.0010000000000000005,-0.0048000000000000004,-0.002600000000000001,0.0,-0.02600000000000005,0.0,,,,,,,,,,,,,,,
1789282565.2268941,i,0.0010000000000000005,-0.0048000000000000004,-0.002600000000000001,0.0,-0.02600000000000005,0.0,,,,,,,,,,,,,,,
1789282565.2495916,i,0.0010000000000000005,-0.0048000000000000004,-0.002600000000000001,0.0,-0.02600000000000005,0.0,,,,,,,,,,,,,,,
1789282565.2645218,i,0.0010000000000000005,-0.0048000000000000004,-0.002600000000000001,0.0,-0.02600000000000005,0.0,,,,,,,,,,,,,,,
1789282565.2986803,i,0.0010000000000000005,-0.0048000000000000004,-0.002600000000000001,0.0,-0.02600000000000005,0.0,,,,,,,,,,,,,,,
1789282565.314535,i,0.0010000000000000005,-0.0048000000000000004,-0.002600000000000001,0.0,-0.02600000000000005,0.0,,,,,,,,,,,,,,,
1789282565.3331797,i,0.0010000000000000005,-0.0048000000000000004,-0.002600000000000001,0.0,-0.02600000000000005,0.0,,,,,,,,,,,,,,,
1789282565.3491344,i,0.0010000000000000005,-0.0048000000000000004,-0.002600000000000001,0.0,-0.02600000000000005,0.0,,,,,,,,,,,,,,,
1789282565.3651454,i,0.0010000000000000005,-0.0048000000000000004,-0.002600000000000001,0.0,-0.02600000000000005,0.0,,,,,,,,,,,,,,,
1789282565.3820298,i,0.0010000000000000005,-0.0048000000000000004,-0.002600000000000001,0.0,-0.02600000000000005,0.0,,,,,,,,,,,,,,,
1789282565.4128191,i,0.0010000000000000005,-0.0048000000000000004,-0.002600000000000001,0.0,-0.02600000000000005,0.0,,,,,,,,,,,,,,,
1789282565.4288094,i,0.0010000000000000005,-0.0048000000000000004,-0.002600000000000001,0.0,-0.02600000000000005,0.0,,,,,,,,,,,,,,,
1789282565.448998,i,0.0010000000000000005,-0.0048000000000000004,-0.002600000000000001,0.0,-0.02600000000000005,0.0,,,,,,,,,,,,,,,
1789282565.4649136,i,0.0010000000000000005,-0.0048000000000000004,-0.002600000000000001,0.0,-0.02600000000000005,0.0,,,,,,,,,,,,,,,
1789282565.4961407,i,0.0010000000000000005,-0.0048000000000000004,-0.002600000000000001,0.0,-0.02600000000000005,0.0,,,,,,,,,,,,,,,
1789282565.5121484,i,0.0010000000000000005,-0.0048000000000000004,-0.002600000000000001,0.0,-0.02600000000000005,0.0,,,,,,,,,,,,,,,
1789282565.5319562,i,0.0010000000000000005,-0.0048000000000000004,-0.002600000000000001,0.0,-0.02600000000000005,0.0,,,,,,,,,,,,,,,
1789282565.549026,i,0.0010000000000000005,-0.0048000000000000004,-0.002600000000000001,0.0,-0.02600000000000005,0.0,,,,,,,,,,,,,,,
1789282565.5641778,i,0.0010000000000000005,-0.0048000000000000004,-0.002600000000000001,0.0,-0.02600000000000005,0.0,,,,,,,,,,,,,,,
1789282565.583751,i,0.0010000000000000005,-0.0048000000000000004,-0.002600000000000001,0.0,-0.02600000000000005,0.0,,,,,,,,,,,,,,,
1789282565.6153495,i,0.0010000000000000005,-0.0048000000000000004,-0.002600000000000001,0.0,-0.02600000000000005,0.0,,,,,,,,,,,,,,,
1789282565.6305597,i,0.0010000000000000005,-0.0048000000000000004,-0.002600000000000001,0.0,-0.02600000000000005,0.0,,,,,,,,,,,,,,,
1789282565.6499422,i,0.0010000000000000005,-0.0048000000000000004,-0.002600000000000001,0.0,-0.02600000000000005,0.0,,,,,,,,,,,,,,,
1789282565.6657448,i,0.0010000000000000005,-0.0048000000000000004,-0.002600000000000001,0.0,-0.02600000000000005,0.0,,,,,,,,,,,,,,,
1789282565.683041,i,0.0010000000000000005,-0.0048000000000000004,-0.002600000000000001,0.0,-0.02600000000000005,0.0,,,,,,,,,,,,,,,
1789282565.714514,i,0.0010000000000000005,-0.0048000000000000004,-0.002600000000000001,0.0,-0.02600000000000005,0.0,,,,,,,,,,,,,,,
1789282565.732575,i,0.0010000000000000005,-0.0048000000000000004,-0.002600000000000001,0.0,-0.02600000000000005,0.0,,,,,,,,,,,,,,,
1789282565.748257,i,0.0010000000000000005,-0.0048000000000000004,-0.002600000000000001,0.0,-0.02600000000000005,0.0,,,,,,,,,,,,,,,
1789282565.7641659,i,0.0010000000000000005,-0.0048000000000000004,-0.002600000000000001,0.0,-0.02600000000000005,0.0,,,,,,,,,,,,,,,
1789282565.7828104,i,0.0010000000000000005,-0.0048000000000000004,-0.002600000000000001,0.0,-0.02600000000000005,0.0,,,,,,,,,,,,,,,
1789282565.8137233,i,0.0010000000000000005,-0.0048000000000000004,-0.002600000000000001,0.0,-0.02600000000000005,0.0,,,,,,,,,,,,,,,
1789282565.8330977,i,0.0010000000000000005,-0.0048000000000000004,-0.002600000000000001,0.0,-0.02600000000000005,0.0,,,,,,,,,,,,,,,
1789282565.847706,i,0.0010000000000000005,-0.0048000000000000004,-0.002600000000000001,0.0,-0.02600000000000005,0.0,,,,,,,,,,,,,,,
1789282565.8632324,i,0.0010000000000000005,-0.0048000000000000004,-0.002600000000000001,0.0,-0.02600000000000005,0.0,,,,,,,,,,,,,,,
1789282565.8832245,i,0.0010000000000000005,-0.0048000000000000004,-0.002600000000000001,0.0,-0.02600000000000005,0.0,,,,,,,,,,,,,,,
1789282565.9143593,i,0.0010000000000000005,-0.0048000000000000004,-0.002600000000000001,0.0,-0.02600000000000005,0.0,,,,,,,,,,,,,,,
1789282565.9328747,i,0.0010000000000000005,-0.0048000000000000004,-0.002600000000000001,0.0,-0.02600000000000005,0.0,,,,,,,,,,,,,,,
1789282565.948679,i,0.0010000000000000005,-0.0048000000000000004,-0.002600000000000001,0.0,-0.02600000000000005,0.0,,,,,,,,,,,,,,,
1789282565.9643435,i,0.0010000000000000005,-0.0048000000000000004,-0.002600000000000001,0.0,-0.02600000000000005,0.0,,,,,,,,,,,,,,,
1789282565.9827719,i,0.0010000000000000005,-0.0048000000000000004,-0.002600000000000001,0.0,-0.02600000000000005,0.0,,,,,,,,,,,,,,,
1789282566.0144653,i,0.0010000000000000005,-0.0048000000000000004,-0.002600000000000001,0.0,-0.02600000000000005,0.0,,,,,,,,,,,,,,,
1789282566.0291696,i,0.0010000000000000005,-0.0048000000000000004,-0.002600000000000001,0.0,-0.02600000000000005,0.0,,,,,,,,,,,,,,,
1789282566.0451798,i,0.0010000000000000005,-0.0048000000000000004,-0.002600000000000001,0.0,-0.02600000000000005,0.0,,,,,,,,,,,,,,,
1789282566.0662875,i,0.0010000000000000005,-0.0048000000000000004,-0.002600000000000001,0.0,-0.02600000000000005,0.0,,,,,,,,,,,,,,,
1789282566.0881097,i,0.0010000000000000005,-0.0048000000000000004,-0.002600000000000001,0.0,-0.02600000000000005,0.0,,,,,,,,,,,,,,,
1789282566.1147227,i,0.0010000000000000005,-0.0048000000000000004,-0.002600000000000001,0.0,-0.02600000000000005,0.0,,,,,,,,,,,,,,,
1789282566.129671,i,0.0010000000000000005,-0.0048000000000000004,-0.002600000000000001,0.0,-0.02600000000000005,0.0,,,,,,,,,,,,,,,
1789282566.149159,i,0.0010000000000000005,-0.0048000000000000004,-0.002600000000000001,0.0,-0.02600000000000005,0.0,,,,,,,,,,,,,,,
1789282566.1647186,i,0.0010000000000000005,-0.0048000000000000004,-0.002600000000000001,0.0,-0.02600000000000005,0.0,,,,,,,,,,,,,,,
1789282566.1955295,i,0.0010000000000000005,-0.0048000000000000004,-0.002600000000000001,0.0,-0.02600000000000005,0.0,,,,,,,,,,,,,,,
1789282566.202113,i,0.0010000000000000005,-0.0048000000000000004,-0.002600000000000001,0.0,-0.02600000000000005,0.0,,,,,,,,,,,,,,,
1789282566.2331936,i,0.0010000000000000005,-0.0048000000000000004,-0.002600000000000001,0.0,-0.02600000000000005,0.0,,,,,,,,,,,,,,,
1789282566.2486815,i,0.0010000000000000005,-0.0048000000000000004,-0.002600000000000001,0.0,-0.02600000000000005,0.0,,,,,,,,,,,,,,,
1789282566.2641194,i,0.0010000000000000005,-0.0048000000000000004,-0.002600000000000001,0.0,-0.02600000000000005,0.0,,,,,,,,,,,,,,,
1789282566.295431,i,0.0010000000000000005,-0.0048000000000000004,-0.002600000000000001,0.0,-0.02600000000000005,0.0,,,,,,,,,,,,,,,
1789282566.3155453,i,0.0010000000000000005,-0.0048000000000000004,-0.002600000000000001,0.0,-0.02600000000000005,0.0,,,,,,,,,,,,,,,
1789282566.331566,i,0.0010000000000000005,-0.0048000000000000004,-0.002600000000000001,0.0,-0.02600000000000005,0.0,,,,,,,,,,,,,,,
1789282566.3475306,i,0.0010000000000000005,-0.0048000000000000004,-0.002600000000000001,0.0,-0.02600000000000005,0.0,,,,,,,,,,,,,,,
1789282566.36233,i,0.0010000000000000005,-0.0048000000000000004,-0.002600000000000001,0.0,-0.02600000000000005,0.0,,,,,,,,,,,,,,,
1789282566.3998716,i,0.0010000000000000005,-0.0048000000000000004,-0.002600000000000001,0.0,-0.02600000000000005,0.0,,,,,,,,,,,,,,,
1789282566.41552,i,0.0010000000000000005,-0.0048000000000000004,-0.002600000000000001,0.0,-0.02600000000000005,0.0,,,,,,,,,,,,,,,
1789282566.4304357,i,0.0010000000000000005,-0.0048000000000000004,-0.002600000000000001,0.0,-0.02600000000000005,0.0,,,,,,,,,,,,,,,
1789282566.4456153,i,0.0010000000000000005,-0.0048000000000000004,-0.002600000000000001,0.0,-0.02600000000000005,0.0,,,,,,,,,,,,,,,
1789282566.4667153,i,0.0010000000000000005,-0.0048000000000000004,-0.002600000000000001,0.0,-0.02600000000000005,0.0,,,,,,,,,,,,,,,
1789282566.4831064,i,0.0010000000000000005,-0.0048000000000000004,-0.002600000000000001,0.0,-0.02600000000000005,0.0,,,,,,,,,,,,,,,
1789282566.5147398,i,0.0010000000000000005,-0.0048000000000000004,-0.002600000000000001,0.0,-0.02600000000000005,0.0,,,,,,,,,,,,,,,
1789282566.534094,i,0.0010000000000000005,-0.0048000000000000004,-0.002600000000000001,0.0,-0.02600000000000005,0.0,,,,,,,,,,,,,,,
1789282566.550063,i,0.0010000000000000005,-0.0048000000000000004,-0.002600000000000001,0.0,-0.02600000000000005,0.0,,,,,,,,,,,,,,,
1789282566.5650315,i,0.0010000000000000005,-0.0048000000000000004,-0.002600000000000001,0.0,-0.02600000000000005,0.0,,,,,,,,,,,,,,,
1789282566.5854938,i,0.0010000000000000005,-0.0048000000000000004,-0.002600000000000001,0.0,-0.02600000000000005,0.0,,,,,,,,,,,,,,,
1789282566.6163101,i,0.0010000000000000005,-0.0048000000000000004,-0.002600000000000001,0.0,-0.02600000000000005,0.0,,,,,,,,,,,,,,,
1789282566.6310701,i,0.0010000000000000005,-0.0048000000000000004,-0.002600000000000001,0.0,-0.02600000000000005,0.0,,,,,,,,,,,,,,,
1789282566.6495721,i,0.0010000000000000005,-0.0048000000000000004,-0.002600000000000001,0.0,-0.02600000000000005,0.0,,,,,,,,,,,,,,,
1789282566.664683,i,0.0010000000000000005,-0.0048000000000000004,-0.002600000000000001,0.0,-0.02600000000000005,0.0,,,,,,,,,,,,,,,
1789282566.6996853,i,0.0010000000000000005,-0.0048000000000000004,-0.002600000000000001,0.0,-0.02600000000000005,0.0,,,,,,,,,,,,,,,
1789282566.715552,i,0.0010000000000000005,-0.0048000000000000004,-0.002600000000000001,0.0,-0.02600000000000005,0.0,,,,,,,,,,,,,,,
1789282566.7304103,i,0.0010000000000000005,-0.0048000000000000004,-0.002600000000000001,0.0,-0.02600000000000005,0.0,,,,,,,,,,,,,,,
1789282566.7496672,,0.0010000000000000005,-0.0048000000000000004,-0.002600000000000001,0.0,-0.02600000000000005,0.0,,,,,,,,,,,,,,,
1789282566.7644057,,0.0010000000000000005,-0.0048000000000000004,-0.002600000000000001,0.0,-0.02600000000000005,0.0,,,,,,,,,,,,,,,
1789282566.7833052,,0.0010000000000000005,-0.0048000000000000004,-0.002600000000000001,0.0,-0.02600000000000005,0.0,,,,,,,,,,,,,,,
1789282566.8152366,k,0.0010000000000000005,-0.0048000000000000004,-0.002600000000000001,0.0,-0.02600000000000005,0.0,,,,,,,,,,,,,,,
1789282566.833077,k,0.0010000000000000005,-0.0048000000000000004,-0.002600000000000001,0.0,-0.02600000000000005,0.0,,,,,,,,,,,,,,,
1789282566.848268,k,0.0010000000000000005,-0.0048000000000000004,-0.002600000000000001,0.0,-0.02600000000000005,0.0,,,,,,,,,,,,,,,
1789282566.8635213,k,0.0010000000000000005,-0.0048000000000000004,-0.002600000000000001,0.0,-0.02600000000000005,0.0,,,,,,,,,,,,,,,
1789282566.8823905,k,0.0010000000000000005,-0.0048000000000000004,-0.002600000000000001,0.0,-0.02600000000000005,0.0,,,,,,,,,,,,,,,
1789282566.915244,k,0.0010000000000000005,-0.0048000000000000004,-0.002600000000000001,0.0,-0.02600000000000005,0.0,,,,,,,,,,,,,,,
1789282566.930502,k,0.0010000000000000005,-0.0048000000000000004,-0.002600000000000001,0.0,-0.02600000000000005,0.0,,,,,,,,,,,,,,,
1789282566.9487226,k,0.0010000000000000005,-0.0048000000000000004,-0.002600000000000001,0.0,-0.02600000000000005,0.0,,,,,,,,,,,,,,,
1789282566.9665623,k,0.0010000000000000005,-0.0048000000000000004,-0.002600000000000001,0.0,-0.02600000000000005,0.0,,,,,,,,,,,,,,,
1789282566.9829018,k,0.0010000000000000005,-0.0048000000000000004,-0.002600000000000001,0.0,-0.02600000000000005,0.0,,,,,,,,,,,,,,,
1789282567.0135276,k,0.0010000000000000005,-0.0048000000000000004,-0.002600000000000001,0.0,-0.02600000000000005,0.0,,,,,,,,,,,,,,,
1789282567.033665,k,0.0010000000000000005,-0.0048000000000000004,-0.002600000000000001,0.0,-0.02600000000000005,0.0,,,,,,,,,,,,,,,
1789282567.0497763,k,0.0010000000000000005,-0.0048000000000000004,-0.002600000000000001,0.0,-0.02600000000000005,0.0,,,,,,,,,,,,,,,
1789282567.0649824,k,0.0010000000000000005,-0.0048000000000000004,-0.002600000000000001,0.0,-0.02600000000000005,0.0,,,,,,,,,,,,,,,
1789282567.0843375,k,0.0010000000000000005,-0.0048000000000000004,-0.002600000000000001,0.0,-0.02600000000000005,0.0,,,,,,,,,,,,,,,
1789282567.1151452,k,0.0010000000000000005,-0.0048000000000000004,-0.002600000000000001,0.0,-0.02600000000000005,0.0,,,,,,,,,,,,,,,
1789282567.1306233,k,0.0010000000000000005,-0.0048000000000000004,-0.002600000000000001,0.0,-0.02600000000000005,0.0,,,,,,,,,,,,,,,
1789282567.1508837,k,0.0010000000000000005,-0.0048000000000000004,-0.002600000000000001,0.0,-0.02600000000000005,0.0,,,,,,,,,,,,,,,
1789282567.1664937,k,0.0010000000000000005,-0.0048000000000000004,-0.002600000000000001,0.0,-0.02600000000000005,0.0,,,,,,,,,,,,,,,
1789282567.1834545,k,0.0010000000000000005,-0.0048000000000000004,-0.002600000000000001,0.0,-0.02600000000000005,0.0,,,,,,,,,,,,,,,
1789282567.214571,k,0.0010000000000000005,-0.0048000000000000004,-0.002600000000000001,0.0,-0.02600000000000005,0.0,,,,,,,,,,,,,,,
1789282567.2327964,k,0.0010000000000000005,-0.0048000000000000004,-0.002600000000000001,0.0,-0.02600000000000005,0.0,,,,,,,,,,,,,,,
1789282567.2487173,k,0.0010000000000000005,-0.0048000000000000004,-0.002600000000000001,0.0,-0.02600000000000005,0.0,,,,,,,,,,,,,,,
1789282567.2655578,k,0.0010000000000000005,-0.0048000000000000004,-0.002600000000000001,0.0,-0.02600000000000005,0.0,,,,,,,,,,,,,,,
1789282567.2839386,k,0.0010000000000000005,-0.0048000000000000004,-0.002600000000000001,0.0,-0.02600000000000005,0.0,,,,,,,,,,,,,,,
1789282567.3141637,k,0.0010000000000000005,-0.0048000000000000004,-0.002600000000000001,0.0,-0.02600000000000005,0.0,,,,,,,,,,,,,,,
1789282567.3330362,k,0.0010000000000000005,-0.0048000000000000004,-0.002600000000000001,0.0,-0.02600000000000005,0.0,,,,,,,,,,,,,,,
1789282567.3507376,k,0.0010000000000000005,-0.0048000000000000004,-0.002600000000000001,0.0,-0.02600000000000005,0.0,,,,,,,,,,,,,,,
1789282567.3668778,k,0.0010000000000000005,-0.0048000000000000004,-0.002600000000000001,0.0,-0.02600000000000005,0.0,,,,,,,,,,,,,,,
1789282567.3823786,k,0.0010000000000000005,-0.0048000000000000004,-0.002600000000000001,0.0,-0.02600000000000005,0.0,,,,,,,,,,,,,,,
1789282567.4163191,k,0.0010000000000000005,-0.0048000000000000004,-0.002600000000000001,0.0,-0.02600000000000005,0.0,,,,,,,,,,,,,,,
1789282567.432361,k,0.0010000000000000005,-0.0048000000000000004,-0.002600000000000001,0.0,-0.02600000000000005,0.0,,,,,,,,,,,,,,,
1789282567.4487607,k,0.0010000000000000005,-0.0048000000000000004,-0.002600000000000001,0.0,-0.02600000000000005,0.0,,,,,,,,,,,,,,,
1789282567.4641478,k,0.0010000000000000005,-0.0048000000000000004,-0.002600000000000001,0.0,-0.02600000000000005,0.0,,,,,,,,,,,,,,,
1789282567.483015,k,0.0010000000000000005,-0.0048000000000000004,-0.002600000000000001,0.0,-0.02600000000000005,0.0,,,,,,,,,,,,,,,
1789282567.5162535,k,0.0010000000000000005,-0.0048000000000000004,-0.002600000000000001,0.0,-0.02600000000000005,0.0,,,,,,,,,,,,,,,
1789282567.5309887,k,0.0010000000000000005,-0.0048000000000000004,-0.002600000000000001,0.0,-0.02600000000000005,0.0,,,,,,,,,,,,,,,
1789282567.5466514,k,0.0010000000000000005,-0.0048000000000000004,-0.002600000000000001,0.0,-0.02600000000000005,0.0,,,,,,,,,,,,,,,
1789282567.5656579,k,0.0010000000000000005,-0.0048000000000000004,-0.002600000000000001,0.0,-0.02600000000000005,0.0,,,,,,,,,,,,,,,
1789282567.5971227,k,0.0010000000000000005,-0.0048000000000000004,-0.002600000000000001,0.0,-0.02600000000000005,0.0,,,,,,,,,,,,,,,
1789282567.6131756,k,0.0010000000000000005,-0.0048000000000000004,-0.002600000000000001,0.0,-0.02600000000000005,0.0,,,,,,,,,,,,,,,
1789282567.6323225,k,0.0010000000000000005,-0.0048000000000000004,-0.002600000000000001,0.0,-0.02600000000000005,0.0,,,,,,,,,,,,,,,
1789282567.6496966,k,0.0010000000000000005,-0.0048000000000000004,-0.002600000000000001,0.0,-0.02600000000000005,0.0,,,,,,,,,,,,,,,
1789282567.6656032,k,0.0010000000000000005,-0.0048000000000000004,-0.002600000000000001,0.0,-0.02600000000000005,0.0,,,,,,,,,,,,,,,
1789282567.696186,k,0.0010000000000000005,-0.0048000000000000004,-0.002600000000000001,0.0,-0.02600000000000005,0.0,,,,,,,,,,,,,,,
1789282567.7148635,k,0.0010000000000000005,-0.0048000000000000004,-0.002600000000000001,0.0,-0.02600000000000005,0.0,,,,,,,,,,,,,,,
1789282567.7329948,k,0.0010000000000000005,-0.0048000000000000004,-0.002600000000000001,0.0,-0.02600000000000005,0.0,,,,,,,,,,,,,,,
1789282567.7490509,k,0.0010000000000000005,-0.0048000000000000004,-0.002600000000000001,0.0,-0.02600000000000005,0.0,,,,,,,,,,,,,,,
1789282567.7660763,k,0.0010000000000000005,-0.0048000000000000004,-0.002600000000000001,0.0,-0.02600000000000005,0.0,,,,,,,,,,,,,,,
1789282567.7966976,k,0.0010000000000000005,-0.0048000000000000004,-0.002600000000000001,0.0,-0.02600000000000005,0.0,,,,,,,,,,,,,,,
1789282567.8157523,k,0.0010000000000000005,-0.0048000000000000004,-0.002600000000000001,0.0,-0.02600000000000005,0.0,,,,,,,,,,,,,,,
1789282567.8314478,k,0.0010000000000000005,-0.0048000000000000004,-0.002600000000000001,0.0,-0.02600000000000005,0.0,,,,,,,,,,,,,,,
1789282567.848639,k,0.0010000000000000005,-0.0048000000000000004,-0.002600000000000001,0.0,-0.02600000000000005,0.0,,,,,,,,,,,,,,,
1789282567.864147,k,0.0010000000000000005,-0.0048000000000000004,-0.002600000000000001,0.0,-0.02600000000000005,0.0,,,,,,,,,,,,,,,
1789282567.8823128,k,0.0010000000000000005,-0.0048000000000000004,-0.002600000000000001,0.0,-0.02600000000000005,0.0,,,,,,,,,,,,,,,
1789282567.9145167,k,0.0010000000000000005,-0.0048000000000000004,-0.002600000000000001,0.0,-0.02600000000000005,0.0,,,,,,,,,,,,,,,
1789282567.9328783,k,0.0010000000000000005,-0.0048000000000000004,-0.002600000000000001,0.0,-0.02600000000000005,0.0,,,,,,,,,,,,,,,
1789282567.9489157,k,0.0010000000000000005,-0.0048000000000000004,-0.002600000000000001,0.0,-0.02600000000000005,0.0,,,,,,,,,,,,,,,
1789282567.9646435,k,0.0010000000000000005,-0.0048000000000000004,-0.002600000000000001,0.0,-0.02600000000000005,0.0,,,,,,,,,,,,,,,
1789282567.9823122,k,0.0010000000000000005,-0.0048000000000000004,-0.002600000000000001,0.0,-0.02600000000000005,0.0,,,,,,,,,,,,,,,
1789282568.0162396,k,0.0010000000000000005,-0.0048000000000000004,-0.002600000000000001,0.0,-0.02600000000000005,0.0,,,,,,,,,,,,,,,
1789282568.0315695,k,0.0010000000000000005,-0.0048000000000000004,-0.002600000000000001,0.0,-0.02600000000000005,0.0,,,,,,,,,,,,,,,
1789282568.046844,k,0.0010000000000000005,-0.0048000000000000004,-0.002600000000000001,0.0,-0.02600000000000005,0.0,,,,,,,,,,,,,,,
1789282568.0662062,k,0.0010000000000000005,-0.0048000000000000004,-0.002600000000000001,0.0,-0.02600000000000005,0.0,,,,,,,,,,,,,,,
1789282568.0828776,k,0.0010000000000000005,-0.0048000000000000004,-0.002600000000000001,0.0,-0.02600000000000005,0.0,,,,,,,,,,,,,,,
1789282568.115946,k,0.0010000000000000005,-0.0048000000000000004,-0.002600000000000001,0.0,-0.02600000000000005,0.0,,,,,,,,,,,,,,,
1789282568.1313906,k,0.0010000000000000005,-0.0048000000000000004,-0.002600000000000001,0.0,-0.02600000000000005,0.0,,,,,,,,,,,,,,,
1789282568.1474001,k,0.0010000000000000005,-0.0048000000000000004,-0.002600000000000001,0.0,-0.02600000000000005,0.0,,,,,,,,,,,,,,,
1789282568.1693664,k,0.0010000000000000005,-0.0048000000000000004,-0.002600000000000001,0.0,-0.02600000000000005,0.0,,,,,,,,,,,,,,,
1789282568.185534,k,0.0010000000000000005,-0.0048000000000000004,-0.002600000000000001,0.0,-0.02600000000000005,0.0,,,,,,,,,,,,,,,
1789282568.2024848,k,0.0010000000000000005,-0.0048000000000000004,-0.002600000000000001,0.0,-0.02600000000000005,0.0,,,,,,,,,,,,,,,
1789282568.232013,k,0.0010000000000000005,-0.0048000000000000004,-0.002600000000000001,0.0,-0.02600000000000005,0.0,,,,,,,,,,,,,,,
1789282568.2474267,k,0.0010000000000000005,-0.0048000000000000004,-0.002600000000000001,0.0,-0.02600000000000005,0.0,,,,,,,,,,,,,,,
1789282568.2660778,k,0.0010000000000000005,-0.0048000000000000004,-0.002600000000000001,0.0,-0.02600000000000005,0.0,,,,,,,,,,,,,,,
1789282568.2825801,k,0.0010000000000000005,-0.0048000000000000004,-0.002600000000000001,0.0,-0.02600000000000005,0.0,,,,,,,,,,,,,,,
1789282568.3141491,k,0.0010000000000000005,-0.0048000000000000004,-0.002600000000000001,0.0,-0.02600000000000005,0.0,,,,,,,,,,,,,,,
1789282568.331847,k,0.0010000000000000005,-0.0048000000000000004,-0.002600000000000001,0.0,-0.02600000000000005,0.0,,,,,,,,,,,,,,,
1789282568.3477757,k,0.0010000000000000005,-0.0048000000000000004,-0.002600000000000001,0.0,-0.02600000000000005,0.0,,,,,,,,,,,,,,,
1789282568.364142,k,0.0010000000000000005,-0.0048000000000000004,-0.002600000000000001,0.0,-0.02600000000000005,0.0,,,,,,,,,,,,,,,
1789282568.3830762,k,0.0010000000000000005,-0.0048000000000000004,-0.002600000000000001,0.0,-0.02600000000000005,0.0,,,,,,,,,,,,,,,
1789282568.4168162,k,0.0010000000000000005,-0.0048000000000000004,-0.002600000000000001,0.0,-0.02600000000000005,0.0,,,,,,,,,,,,,,,
1789282568.432907,k,0.0010000000000000005,-0.0048000000000000004,-0.002600000000000001,0.0,-0.02600000000000005,0.0,,,,,,,,,,,,,,,
1789282568.448699,k,0.0010000000000000005,-0.0048000000000000004,-0.002600000000000001,0.0,-0.02600000000000005,0.0,,,,,,,,,,,,,,,
1789282568.4645495,k,0.0010000000000000005,-0.0048000000000000004,-0.002600000000000001,0.0,-0.02600000000000005,0.0,,,,,,,,,,,,,,,
1789282568.4834952,k,0.0010000000000000005,-0.0048000000000000004,-0.002600000000000001,0.0,-0.02600000000000005,0.0,,,,,,,,,,,,,,,
1789282568.5156608,k,0.0010000000000000005,-0.0048000000000000004,-0.002600000000000001,0.0,-0.02600000000000005,0.0,,,,,,,,,,,,,,,
1789282568.531459,k,0.0010000000000000005,-0.0048000000000000004,-0.002600000000000001,0.0,-0.02600000000000005,0.0,,,,,,,,,,,,,,,
1789282568.5473258,k,0.0010000000000000005,-0.0048000000000000004,-0.002600000000000001,0.0,-0.02600000000000005,0.0,,,,,,,,,,,,,,,
1789282568.5655222,k,0.0010000000000000005,-0.0048000000000000004,-0.002600000000000001,0.0,-0.02600000000000005,0.0,,,,,,,,,,,,,,,
1789282568.5856922,k,0.0010000000000000005,-0.0048000000000000004,-0.002600000000000001,0.0,-0.02600000000000005,0.0,,,,,,,,,,,,,,,
1789282568.6161456,k,0.0010000000000000005,-0.0048000000000000004,-0.002600000000000001,0.0,-0.02600000000000005,0.0,,,,,,,,,,,,,,,
1789282568.632006,k,0.0010000000000000005,-0.0048000000000000004,-0.002600000000000001,0.0,-0.02600000000000005,0.0,,,,,,,,,,,,,,,
1789282568.6488097,k,0.0010000000000000005,-0.0048000000000000004,-0.002600000000000001,0.0,-0.02600000000000005,0.0,,,,,,,,,,,,,,,
1789282568.6662178,k,0.0010000000000000005,-0.0048000000000000004,-0.002600000000000001,0.0,-0.02600000000000005,0.0,,,,,,,,,,,,,,,
1789282568.6821668,k,0.0010000000000000005,-0.0048000000000000004,-0.002600000000000001,0.0,-0.02600000000000005,0.0,,,,,,,,,,,,,,,
1789282568.7135913,k,0.0010000000000000005,-0.0048000000000000004,-0.002600000000000001,0.0,-0.02600000000000005,0.0,,,,,,,,,,,,,,,
1789282568.7328603,k,0.0010000000000000005,-0.0048000000000000004,-0.002600000000000001,0.0,-0.02600000000000005,0.0,,,,,,,,,,,,,,,
1789282568.7482913,k,0.0010000000000000005,-0.0048000000000000004,-0.002600000000000001,0.0,-0.02600000000000005,0.0,,,,,,,,,,,,,,,
1789282568.7641525,k,0.0010000000000000005,-0.0048000000000000004,-0.002600000000000001,0.0,-0.02600000000000005,0.0,,,,,,,,,,,,,,,
1789282568.783953,k,0.0010000000000000005,-0.0048000000000000004,-0.002600000000000001,0.0,-0.02600000000000005,0.0,,,,,,,,,,,,,,,
1789282568.814933,k,0.0010000000000000005,-0.0048000000000000004,-0.002600000000000001,0.0,-0.02600000000000005,0.0,,,,,,,,,,,,,,,
1789282568.8316762,k,0.0010000000000000005,-0.0048000000000000004,-0.002600000000000001,0.0,-0.02600000000000005,0.0,,,,,,,,,,,,,,,
1789282568.8498797,k,0.0010000000000000005,-0.0048000000000000004,-0.002600000000000001,0.0,-0.02600000000000005,0.0,,,,,,,,,,,,,,,
1789282568.8665514,k,0.0010000000000000005,-0.0048000000000000004,-0.002600000000000001,0.0,-0.02600000000000005,0.0,,,,,,,,,,,,,,,
1789282568.8962405,k,0.0010000000000000005,-0.0048000000000000004,-0.002600000000000001,0.0,-0.02600000000000005,0.0,,,,,,,,,,,,,,,
1789282568.9160604,k,0.0010000000000000005,-0.0048000000000000004,-0.002600000000000001,0.0,-0.02600000000000005,0.0,,,,,,,,,,,,,,,
1789282568.9297748,k,0.0010000000000000005,-0.0048000000000000004,-0.002600000000000001,0.0,-0.02600000000000005,0.0,,,,,,,,,,,,,,,
1789282568.9487622,k,0.0010000000000000005,-0.0048000000000000004,-0.002600000000000001,0.0,-0.02600000000000005,0.0,,,,,,,,,,,,,,,
1789282568.9642384,k,0.0010000000000000005,-0.0048000000000000004,-0.002600000000000001,0.0,-0.02600000000000005,0.0,,,,,,,,,,,,,,,
1789282568.9831834,k,0.0010000000000000005,-0.0048000000000000004,-0.002600000000000001,0.0,-0.02600000000000005,0.0,,,,,,,,,,,,,,,
1789282569.0169125,k,0.0010000000000000005,-0.0048000000000000004,-0.002600000000000001,0.0,-0.02600000000000005,0.0,,,,,,,,,,,,,,,
1789282569.0325434,k,0.0010000000000000005,-0.0048000000000000004,-0.002600000000000001,0.0,-0.02600000000000005,0.0,,,,,,,,,,,,,,,
1789282569.0477371,k,0.0010000000000000005,-0.0048000000000000004,-0.002600000000000001,0.0,-0.02600000000000005,0.0,,,,,,,,,,,,,,,
1789282569.0653605,k,0.0010000000000000005,-0.0048000000000000004,-0.002600000000000001,0.0,-0.02600000000000005,0.0,,,,,,,,,,,,,,,
1789282569.0996678,k,0.0010000000000000005,-0.0048000000000000004,-0.002600000000000001,0.0,-0.02600000000000005,0.0,,,,,,,,,,,,,,,
1789282569.116242,k,0.0010000000000000005,-0.0048000000000000004,-0.002600000000000001,0.0,-0.02600000000000005,0.0,,,,,,,,,,,,,,,
1789282569.1315622,k,0.0010000000000000005,-0.0048000000000000004,-0.002600000000000001,0.0,-0.02600000000000005,0.0,,,,,,,,,,,,,,,
1789282569.1476033,k,0.0010000000000000005,-0.0048000000000000004,-0.002600000000000001,0.0,-0.02600000000000005,0.0,,,,,,,,,,,,,,,
1789282569.1632032,k,0.0010000000000000005,-0.0048000000000000004,-0.002600000000000001,0.0,-0.02600000000000005,0.0,,,,,,,,,,,,,,,
1789282569.1834404,k,0.0010000000000000005,-0.0048000000000000004,-0.002600000000000001,0.0,-0.02600000000000005,0.0,,,,,,,,,,,,,,,
1789282569.2164977,k,0.0010000000000000005,-0.0048000000000000004,-0.002600000000000001,0.0,-0.02600000000000005,0.0,,,,,,,,,,,,,,,
1789282569.2320926,k,0.0010000000000000005,-0.0048000000000000004,-0.002600000000000001,0.0,-0.02600000000000005,0.0,,,,,,,,,,,,,,,
1789282569.2476594,k,0.0010000000000000005,-0.0048000000000000004,-0.002600000000000001,0.0,-0.02600000000000005,0.0,,,,,,,,,,,,,,,
1789282569.2666833,k,0.0010000000000000005,-0.0048000000000000004,-0.002600000000000001,0.0,-0.02600000000000005,0.0,,,,,,,,,,,,,,,
1789282569.2827048,k,0.0010000000000000005,-0.0048000000000000004,-0.002600000000000001,0.0,-0.02600000000000005,0.0,,,,,,,,,,,,,,,
1789282569.3141491,k,0.0010000000000000005,-0.0048000000000000004,-0.002600000000000001,0.0,-0.02600000000000005,0.0,,,,,,,,,,,,,,,
1789282569.3318028,k,0.0010000000000000005,-0.0048000000000000004,-0.002600000000000001,0.0,-0.02600000000000005,0.0,,,,,,,,,,,,,,,
1789282569.3476696,k,0.0010000000000000005,-0.0048000000000000004,-0.002600000000000001,0.0,-0.02600000000000005,0.0,,,,,,,,,,,,,,,
1789282569.3646226,k,0.0010000000000000005,-0.0048000000000000004,-0.002600000000000001,0.0,-0.02600000000000005,0.0,,,,,,,,,,,,,,,
1789282569.3984323,k,0.0010000000000000005,-0.0048000000000000004,-0.002600000000000001,0.0,-0.02600000000000005,0.0,,,,,,,,,,,,,,,
1789282569.403231,k,0.0010000000000000005,-0.0048000000000000004,-0.002600000000000001,0.0,-0.02600000000000005,0.0,,,,,,,,,,,,,,,
1789282569.429918,k,0.0010000000000000005,-0.0048000000000000004,-0.002600000000000001,0.0,-0.02600000000000005,0.0,,,,,,,,,,,,,,,
1789282569.4478776,k,0.0010000000000000005,-0.0048000000000000004,-0.002600000000000001,0.0,-0.02600000000000005,0.0,,,,,,,,,,,,,,,
1789282569.4826288,k,0.0010000000000000005,-0.0048000000000000004,-0.002600000000000001,0.0,-0.02600000000000005,0.0,,,,,,,,,,,,,,,
1789282569.499432,k,0.0010000000000000005,-0.0048000000000000004,-0.002600000000000001,0.0,-0.02600000000000005,0.0,,,,,,,,,,,,,,,
1789282569.5152926,k,0.0010000000000000005,-0.0048000000000000004,-0.002600000000000001,0.0,-0.02600000000000005,0.0,,,,,,,,,,,,,,,
1789282569.5308046,k,0.0010000000000000005,-0.0048000000000000004,-0.002600000000000001,0.0,-0.02600000000000005,0.0,,,,,,,,,,,,,,,
1789282569.5498195,k,0.0010000000000000005,-0.0048000000000000004,-0.002600000000000001,0.0,-0.02600000000000005,0.0,,,,,,,,,,,,,,,
1789282569.5686145,k,0.0010000000000000005,-0.0048000000000000004,-0.002600000000000001,0.0,-0.02600000000000005,0.0,,,,,,,,,,,,,,,
1789282569.5991454,k,0.0010000000000000005,-0.0048000000000000004,-0.002600000000000001,0.0,-0.02600000000000005,0.0,,,,,,,,,,,,,,,
1789282569.6144445,k,0.0010000000000000005,-0.0048000000000000004,-0.002600000000000001,0.0,-0.02600000000000005,0.0,,,,,,,,,,,,,,,
1789282569.632294,k,0.0010000000000000005,-0.0048000000000000004,-0.002600000000000001,0.0,-0.02600000000000005,0.0,,,,,,,,,,,,,,,
1789282569.6500869,k,0.0010000000000000005,-0.0048000000000000004,-0.002600000000000001,0.0,-0.02600000000000005,0.0,,,,,,,,,,,,,,,
1789282569.6817496,k,0.0010000000000000005,-0.0048000000000000004,-0.002600000000000001,0.0,-0.02600000000000005,0.0,,,,,,,,,,,,,,,
1789282569.6970892,k,0.0010000000000000005,-0.0048000000000000004,-0.002600000000000001,0.0,-0.02600000000000005,0.0,,,,,,,,,,,,,,,
1789282569.714751,k,0.0010000000000000005,-0.0048000000000000004,-0.002600000000000001,0.0,-0.02600000000000005,0.0,,,,,,,,,,,,,,,
1789282569.7332306,k,0.0010000000000000005,-0.0048000000000000004,-0.002600000000000001,0.0,-0.02600000000000005,0.0,,,,,,,,,,,,,,,
1789282569.7493606,k,0.0010000000000000005,-0.0048000000000000004,-0.002600000000000001,0.0,-0.02600000000000005,0.0,,,,,,,,,,,,,,,
1789282569.7807035,k,0.0010000000000000005,-0.0048000000000000004,-0.002600000000000001,0.0,-0.02600000000000005,0.0,,,,,,,,,,,,,,,
1789282569.7961657,k,0.0010000000000000005,-0.0048000000000000004,-0.002600000000000001,0.0,-0.02600000000000005,0.0,,,,,,,,,,,,,,,
1789282569.8149137,k,0.0010000000000000005,-0.0048000000000000004,-0.002600000000000001,0.0,-0.02600000000000005,0.0,,,,,,,,,,,,,,,
1789282569.8320382,k,0.0010000000000000005,-0.0048000000000000004,-0.002600000000000001,0.0,-0.02600000000000005,0.0,,,,,,,,,,,,,,,
1789282569.8485587,k,0.0010000000000000005,-0.0048000000000000004,-0.002600000000000001,0.0,-0.02600000000000005,0.0,,,,,,,,,,,,,,,
1789282569.8826215,k,0.0010000000000000005,-0.0048000000000000004,-0.002600000000000001,0.0,-0.02600000000000005,0.0,,,,,,,,,,,,,,,
1789282569.8985958,k,0.0010000000000000005,-0.0048000000000000004,-0.002600000000000001,0.0,-0.02600000000000005,0.0,,,,,,,,,,,,,,,
1789282569.9160814,k,0.0010000000000000005,-0.0048000000000000004,-0.002600000000000001,0.0,-0.02600000000000005,0.0,,,,,,,,,,,,,,,
1789282569.931443,k,0.0010000000000000005,-0.0048000000000000004,-0.002600000000000001,0.0,-0.02600000000000005,0.0,,,,,,,,,,,,,,,
1789282569.9485173,k,0.0010000000000000005,-0.0048000000000000004,-0.002600000000000001,0.0,-0.02600000000000005,0.0,,,,,,,,,,,,,,,
1789282569.9812036,k,0.0010000000000000005,-0.0048000000000000004,-0.002600000000000001,0.0,-0.02600000000000005,0.0,,,,,,,,,,,,,,,
1789282569.9965763,k,0.0010000000000000005,-0.0048000000000000004,-0.002600000000000001,0.0,-0.02600000000000005,0.0,,,,,,,,,,,,,,,
1789282570.0152318,k,0.0010000000000000005,-0.0048000000000000004,-0.002600000000000001,0.0,-0.02600000000000005,0.0,,,,,,,,,,,,,,,
1789282570.0326734,k,0.0010000000000000005,-0.0048000000000000004,-0.002600000000000001,0.0,-0.02600000000000005,0.0,,,,,,,,,,,,,,,
1789282570.0480754,k,0.0010000000000000005,-0.0048000000000000004,-0.002600000000000001,0.0,-0.02600000000000005,0.0,,,,,,,,,,,,,,,
1789282570.0793815,k,0.0010000000000000005,-0.0048000000000000004,-0.002600000000000001,0.0,-0.02600000000000005,0.0,,,,,,,,,,,,,,,
1789282570.0991762,k,0.0010000000000000005,-0.0048000000000000004,-0.002600000000000001,0.0,-0.02600000000000005,0.0,,,,,,,,,,,,,,,
1789282570.1152685,k,0.0010000000000000005,-0.0048000000000000004,-0.002600000000000001,0.0,-0.02600000000000005,0.0,,,,,,,,,,,,,,,
1789282570.1305108,k,0.0010000000000000005,-0.0048000000000000004,-0.002600000000000001,0.0,-0.02600000000000005,0.0,,,,,,,,,,,,,,,
1789282570.1619205,k,0.0010000000000000005,-0.0048000000000000004,-0.002600000000000001,0.0,-0.02600000000000005,0.0,,,,,,,,,,,,,,,
1789282570.1773665,k,0.0010000000000000005,-0.0048000000000000004,-0.002600000000000001,0.0,-0.02600000000000005,0.0,,,,,,,,,,,,,,,
1789282570.19952,k,0.0010000000000000005,-0.0048000000000000004,-0.002600000000000001,0.0,-0.02600000000000005,0.0,,,,,,,,,,,,,,,
1789282570.2138405,k,0.0010000000000000005,-0.0048000000000000004,-0.002600000000000001,0.0,-0.02600000000000005,0.0,,,,,,,,,,,,,,,
1789282570.229327,k,0.0010000000000000005,-0.0048000000000000004,-0.002600000000000001,0.0,-0.02600000000000005,0.0,,,,,,,,,,,,,,,
1789282570.2485988,k,0.0010000000000000005,-0.0048000000000000004,-0.002600000000000001,0.0,-0.02600000000000005,0.0,,,,,,,,,,,,,,,
1789282570.2824652,k,0.0010000000000000005,-0.0048000000000000004,-0.002600000000000001,0.0,-0.02600000000000005,0.0,,,,,,,,,,,,,,,
1789282570.2974837,k,0.0010000000000000005,-0.0048000000000000004,-0.002600000000000001,0.0,-0.02600000000000005,0.0,,,,,,,,,,,,,,,
1789282570.3131404,k,0.0010000000000000005,-0.0048000000000000004,-0.002600000000000001,0.0,-0.02600000000000005,0.0,,,,,,,,,,,,,,,
1789282570.3317857,k,0.0010000000000000005,-0.0048000000000000004,-0.002600000000000001,0.0,-0.02600000000000005,0.0,,,,,,,,,,,,,,,
1789282570.3484247,k,0.0010000000000000005,-0.0048000000000000004,-0.002600000000000001,0.0,-0.02600000000000005,0.0,,,,,,,,,,,,,,,
1789282570.3821561,k,0.0010000000000000005,-0.0048000000000000004,-0.002600000000000001,0.0,-0.02600000000000005,0.0,,,,,,,,,,,,,,,
1789282570.3976846,k,0.0010000000000000005,-0.0048000000000000004,-0.002600000000000001,0.0,-0.02600000000000005,0.0,,,,,,,,,,,,,,,
1789282570.415433,k,0.0010000000000000005,-0.0048000000000000004,-0.002600000000000001,0.0,-0.02600000000000005,0.0,,,,,,,,,,,,,,,
1789282570.4313567,k,0.0010000000000000005,-0.0048000000000000004,-0.002600000000000001,0.0,-0.02600000000000005,0.0,,,,,,,,,,,,,,,
1789282570.447201,k,0.0010000000000000005,-0.0048000000000000004,-0.002600000000000001,0.0,-0.02600000000000005,0.0,,,,,,,,,,,,,,,
1789282570.4788818,k,0.0010000000000000005,-0.0048000000000000004,-0.002600000000000001,0.0,-0.02600000000000005,0.0,,,,,,,,,,,,,,,
1789282570.4999826,k,0.0010000000000000005,-0.0048000000000000004,-0.002600000000000001,0.0,-0.02600000000000005,0.0,,,,,,,,,,,,,,,
1789282570.515754,k,0.0010000000000000005,-0.0048000000000000004,-0.002600000000000001,0.0,-0.02600000000000005,0.0,,,,,,,,,,,,,,,
1789282570.5312262,k,0.0010000000000000005,-0.0048000000000000004,-0.002600000000000001,0.0,-0.02600000000000005,0.0,,,,,,,,,,,,,,,
1789282570.546361,k,0.0010000000000000005,-0.0048000000000000004,-0.002600000000000001,0.0,-0.02600000000000005,0.0,,,,,,,,,,,,,,,
1789282570.5840163,k,0.0010000000000000005,-0.0048000000000000004,-0.002600000000000001,0.0,-0.02600000000000005,0.0,,,,,,,,,,,,,,,
1789282570.5999382,k,0.0010000000000000005,-0.0048000000000000004,-0.002600000000000001,0.0,-0.02600000000000005,0.0,,,,,,,,,,,,,,,
1789282570.615111,k,0.0010000000000000005,-0.0048000000000000004,-0.002600000000000001,0.0,-0.02600000000000005,0.0,,,,,,,,,,,,,,,
1789282570.6304498,k,0.0010000000000000005,-0.0048000000000000004,-0.002600000000000001,0.0,-0.02600000000000005,0.0,,,,,,,,,,,,,,,
1789282570.648182,k,0.0010000000000000005,-0.0048000000000000004,-0.002600000000000001,0.0,-0.02600000000000005,0.0,,,,,,,,,,,,,,,
1789282570.681995,k,0.0010000000000000005,-0.0048000000000000004,-0.002600000000000001,0.0,-0.02600000000000005,0.0,,,,,,,,,,,,,,,
1789282570.6975207,k,0.0010000000000000005,-0.0048000000000000004,-0.002600000000000001,0.0,-0.02600000000000005,0.0,,,,,,,,,,,,,,,
1789282570.7135332,k,0.0010000000000000005,-0.0048000000000000004,-0.002600000000000001,0.0,-0.02600000000000005,0.0,,,,,,,,,,,,,,,
1789282570.7323413,k,0.0010000000000000005,-0.0048000000000000004,-0.002600000000000001,0.0,-0.02600000000000005,0.0,,,,,,,,,,,,,,,
1789282570.7495396,k,0.0010000000000000005,-0.0048000000000000004,-0.002600000000000001,0.0,-0.02600000000000005,0.0,,,,,,,,,,,,,,,
1789282570.7806349,k,0.0010000000000000005,-0.0048000000000000004,-0.002600000000000001,0.0,-0.02600000000000005,0.0,,,,,,,,,,,,,,,
1789282570.7983177,k,0.0010000000000000005,-0.0048000000000000004,-0.002600000000000001,0.0,-0.02600000000000005,0.0,,,,,,,,,,,,,,,
1789282570.8153257,k,0.0010000000000000005,-0.0048000000000000004,-0.002600000000000001,0.0,-0.02600000000000005,0.0,,,,,,,,,,,,,,,
1789282570.8308206,k,0.0010000000000000005,-0.0048000000000000004,-0.002600000000000001,0.0,-0.02600000000000005,0.0,,,,,,,,,,,,,,,
1789282570.849673,k,0.0010000000000000005,-0.0048000000000000004,-0.002600000000000001,0.0,-0.02600000000000005,0.0,,,,,,,,,,,,,,,
1789282570.88102,k,0.0010000000000000005,-0.0048000000000000004,-0.002600000000000001,0.0,-0.02600000000000005,0.0,,,,,,,,,,,,,,,
1789282570.8987799,k,0.0010000000000000005,-0.0048000000000000004,-0.002600000000000001,0.0,-0.02600000000000005,0.0,,,,,,,,,,,,,,,
1789282570.9153674,k,0.0010000000000000005,-0.0048000000000000004,-0.002600000000000001,0.0,-0.02600000000000005,0.0,,,,,,,,,,,,,,,
1789282570.9323342,k,0.0010000000000000005,-0.0048000000000000004,-0.002600000000000001,0.0,-0.02600000000000005,0.0,,,,,,,,,,,,,,,
1789282570.9488266,k,0.0010000000000000005,-0.0048000000000000004,-0.002600000000000001,0.0,-0.02600000000000005,0.0,,,,,,,,,,,,,,,
1789282570.9809415,k,0.0010000000000000005,-0.0048000000000000004,-0.002600000000000001,0.0,-0.02600000000000005,0.0,,,,,,,,,,,,,,,
1789282570.999323,k,0.0010000000000000005,-0.0048000000000000004,-0.002600000000000001,0.0,-0.02600000000000005,0.0,,,,,,,,,,,,,,,
1789282571.0153787,k,0.0010000000000000005,-0.0048000000000000004,-0.002600000000000001,0.0,-0.02600000000000005,0.0,,,,,,,,,,,,,,,
1789282571.0307345,k,0.0010000000000000005,-0.0048000000000000004,-0.002600000000000001,0.0,-0.02600000000000005,0.0,,,,,,,,,,,,,,,
1789282571.0462108,,0.0010000000000000005,-0.0048000000000000004,-0.002600000000000001,0.0,-0.02600000000000005,0.0,,,,,,,,,,,,,,,
1789282571.0708222,,0.0010000000000000005,-0.0048000000000000004,-0.002600000000000001,0.0,-0.02600000000000005,0.0,,,,,,,,,,,,,,,
1789282571.1012788,,0.0010000000000000005,-0.0048000000000000004,-0.002600000000000001,0.0,-0.02600000000000005,0.0,,,,,,,,,,,,,,,
1789282571.116477,,0.0010000000000000005,-0.0048000000000000004,-0.002600000000000001,0.0,-0.02600000000000005,0.0,,,,,,,,,,,,,,,
1789282571.1328552,,0.0010000000000000005,-0.0048000000000000004,-0.002600000000000001,0.0,-0.02600000000000005,0.0,,,,,,,,,,,,,,,
1789282571.1487336,,0.0010000000000000005,-0.0048000000000000004,-0.002600000000000001,0.0,-0.02600000000000005,0.0,,,,,,,,,,,,,,,
1789282571.166822,,0.0010000000000000005,-0.0048000000000000004,-0.002600000000000001,0.0,-0.02600000000000005,0.0,,,,,,,,,,,,,,,
1789282571.1869526,,0.0010000000000000005,-0.0048000000000000004,-0.002600000000000001,0.0,-0.02600000000000005,0.0,,,,,,,,,,,,,,,
1789282571.2163367,,0.0010000000000000005,-0.0048000000000000004,-0.002600000000000001,0.0,-0.02600000000000005,0.0,,,,,,,,,,,,,,,
1789282571.2316504,,0.0010000000000000005,-0.0048000000000000004,-0.002600000000000001,0.0,-0.02600000000000005,0.0,,,,,,,,,,,,,,,
1789282571.2490304,,0.0010000000000000005,-0.0048000000000000004,-0.002600000000000001,0.0,-0.02600000000000005,0.0,,,,,,,,,,,,,,,
1789282571.2819095,,0.0010000000000000005,-0.0048000000000000004,-0.002600000000000001,0.0,-0.02600000000000005,0.0,,,,,,,,,,,,,,,
1789282571.299007,,0.0010000000000000005,-0.0048000000000000004,-0.002600000000000001,0.0,-0.02600000000000005,0.0,,,,,,,,,,,,,,,
1789282571.3140514,,0.0010000000000000005,-0.0048000000000000004,-0.002600000000000001,0.0,-0.02600000000000005,0.0,,,,,,,,,,,,,,,
1789282571.3297303,,0.0010000000000000005,-0.0048000000000000004,-0.002600000000000001,0.0,-0.02600000000000005,0.0,,,,,,,,,,,,,,,
1789282571.3489642,,0.0010000000000000005,-0.0048000000000000004,-0.002600000000000001,0.0,-0.02600000000000005,0.0,,,,,,,,,,,,,,,
1789282571.3664448,,0.0010000000000000005,-0.0048000000000000004,-0.002600000000000001,0.0,-0.02600000000000005,0.0,,,,,,,,,,,,,,,
1789282571.3991349,,0.0010000000000000005,-0.0048000000000000004,-0.002600000000000001,0.0,-0.02600000000000005,0.0,,,,,,,,,,,,,,,
